NoJI,Mesin,Tanggal SUP,,
7460 0C,CERUTI.1                                          ,4/30/2021,,CERUTI.1
5743 1C,CERUTI.2                                          ,5/2/2021,,CERUTI.2
7430 0A,CERUTI.5                                          ,5/4/2021,,CERUTI.5
7468 1B,CERUTI.2                                          ,5/4/2021,,CERUTI.2
5360A 2F,CERUTI.1                                          ,5/4/2021,,CERUTI.1
1145A 7F,CERUTI.1                                          ,5/5/2021,,CERUTI.1
6368 1C,CERUTI.3                                          ,5/5/2021,,CERUTI.3
5293 2F,CERUTI.2                                          ,5/5/2021,,CERUTI.2
6367 1C,CERUTI.3                                          ,5/6/2021,,CERUTI.3
4990 10P,CERUTI.1                                          ,5/6/2021,,CERUTI.1
6366 2B,CERUTI.3                                          ,5/6/2021,,CERUTI.3
4285 2D,CERUTI.2                                          ,5/6/2021,,CERUTI.2
5311 4K,CERUTI.3                                          ,5/6/2021,,CERUTI.3
7294 0A,CERUTI.1                                          ,5/6/2021,,CERUTI.1
6588 0C,CERUTI.5                                          ,5/7/2021,,CERUTI.5
7512 0B,CERUTI.1                                          ,5/7/2021,,CERUTI.1
6364 1D,CERUTI.3                                          ,5/7/2021,,CERUTI.3
5225 2G,CERUTI.2                                          ,5/7/2021,,CERUTI.2
7513 0A,CERUTI.1                                          ,5/7/2021,,CERUTI.1
7431 0A,CERUTI.5                                          ,5/8/2021,,CERUTI.5
7467 1B,CERUTI.1                                          ,5/10/2021,,CERUTI.1
6762 1A,CERUTI.1                                          ,8/3/2021,,CERUTI.1
7489 0B,CERUTI.3                                          ,5/10/2021,,CERUTI.3
5475A 1B,CERUTI.1                                          ,5/19/2021,,CERUTI.1
7377A 0A,CERUTI.2                                          ,5/17/2021,,CERUTI.2
5862 3E,CERUTI.2                                          ,5/17/2021,,CERUTI.2
4421 0G,CERUTI.3                                          ,5/18/2021,,CERUTI.3
3698 8M,CERUTI.5                                          ,5/18/2021,,CERUTI.5
7469 0A,CERUTI.1                                          ,5/19/2021,,CERUTI.1
6288 2C,CERUTI.3                                          ,5/19/2021,,CERUTI.3
6424 1B,CERUTI.2                                          ,5/19/2021,,CERUTI.2
7595 0A,CERUTI.3                                          ,5/19/2021,,CERUTI.3
2847 8I,CERUTI.2                                          ,5/19/2021,,CERUTI.2
7476 0A,CERUTI.1                                          ,5/20/2021,,CERUTI.1
7323 1B,CERUTI.1                                          ,5/20/2021,,CERUTI.1
7408 0B,CERUTI.1                                          ,5/21/2021,,CERUTI.1
3635 3I,CERUTI.3                                          ,5/20/2021,,CERUTI.3
4970A 0C,CERUTI.2                                          ,5/21/2021,,CERUTI.2
3277A 7O,CERUTI.1                                          ,5/21/2021,,CERUTI.1
7134 0A,CERUTI.2                                          ,5/21/2021,,CERUTI.2
6710 0E,CERUTI.1                                          ,5/22/2021,,CERUTI.1
5430A 2C,CERUTI.1                                          ,5/23/2021,,CERUTI.1
6280 0G,CERUTI.2                                          ,5/22/2021,,CERUTI.2
7333 0A,CERUTI.2                                          ,5/22/2021,,CERUTI.2
7009 1B,CERUTI.2                                          ,5/23/2021,,CERUTI.2
7332 0A,CERUTI.2                                          ,5/23/2021,,CERUTI.2
5736 2G,CERUTI.5                                          ,5/23/2021,,CERUTI.5
7010 2B,CERUTI.2                                          ,5/23/2021,,CERUTI.2
7383 0A,CERUTI.1                                          ,5/23/2021,,CERUTI.1
4066 2C,CERUTI.2                                          ,5/23/2021,,CERUTI.2
5658 0B,CERUTI.1                                          ,5/24/2021,,CERUTI.1
6725 0B,CERUTI.1                                          ,5/24/2021,,CERUTI.1
7526 0A,CERUTI.2                                          ,5/24/2021,,CERUTI.2
7561A 0A,CERUTI.3                                          ,5/24/2021,,CERUTI.3
7448 0A,CERUTI.2                                          ,5/24/2021,,CERUTI.2
7560 0A,CERUTI.3                                          ,5/24/2021,,CERUTI.3
5812 0B,CERUTI.1                                          ,5/25/2021,,CERUTI.1
7352 1D,CERUTI.1                                          ,5/25/2021,,CERUTI.1
7559 0A,CERUTI.1                                          ,5/25/2021,,CERUTI.1
7562A 0A,CERUTI.3                                          ,5/25/2021,,CERUTI.3
6256 2B,CERUTI.1                                          ,5/26/2021,,CERUTI.1
6020 0B,CERUTI.2                                          ,5/25/2021,,CERUTI.2
4669 1B,CERUTI.2                                          ,5/26/2021,,CERUTI.2
6381 1C,CERUTI.1                                          ,5/27/2021,,CERUTI.1
6026 0B,CERUTI.2                                          ,5/26/2021,,CERUTI.2
6276 0A,CERUTI.2                                          ,5/26/2021,,CERUTI.2
7292 1B,CERUTI.3                                          ,5/26/2021,,CERUTI.3
4345 1C,CERUTI.2                                          ,5/26/2021,,CERUTI.2
5823 0C,CERUTI.1                                          ,8/4/2021,,CERUTI.1
7533 0A,CERUTI.2                                          ,5/27/2021,,CERUTI.2
7521 0A,CERUTI.1                                          ,5/27/2021,,CERUTI.1
7534 0B,JASA PRINTING DI RAPIGRA                                          ,5/27/2021,,JASA PRINTING DI RAPIGRA
7557 0B,CERUTI.1                                          ,5/28/2021,,CERUTI.1
6018 1B,CERUTI.2                                          ,5/28/2021,,CERUTI.2
6997 1G,CERUTI.3                                          ,5/28/2021,,CERUTI.3
7550 0A,CERUTI.2                                          ,5/28/2021,,CERUTI.2
7326 0A,CERUTI.1                                          ,5/29/2021,,CERUTI.1
7558 0A,CERUTI.1                                          ,5/31/2021,,CERUTI.1
7226 0A,CERUTI.2                                          ,5/30/2021,,CERUTI.2
7384 0A,CERUTI.3                                          ,5/30/2021,,CERUTI.3
7491 0A,CERUTI.5,5/31/2021,,CERUTI.5
7570 0A,CERUTI.3                                          ,5/31/2021,,CERUTI.3
7546 0A,CERUTI.2                                          ,5/31/2021,,CERUTI.2
5132 5N,CERUTI.3                                          ,8/6/2021,,CERUTI.3
7497 0A,CERUTI.2                                          ,5/31/2021,,CERUTI.2
7547 0A,CERUTI.2                                          ,5/31/2021,,CERUTI.2
7242 0A,CERUTI.2                                          ,5/31/2021,,CERUTI.2
6664 1B,CERUTI.2                                          ,6/1/2021,,CERUTI.2
4991 10O,CERUTI.1                                          ,6/1/2021,,CERUTI.1
2840 6L,CERUTI.2                                          ,6/1/2021,,CERUTI.2 
6521 0A,CERUTI.1                                          ,9/8/2021,,CERUTI.1
5024A 3E,CERUTI.2                                          ,6/2/2021,,CERUTI.2
6268 1C,CERUTI.2                                          ,6/2/2021,,CERUTI.2
7572 0A,CERUTI.1                                          ,6/2/2021,,CERUTI.1
7501 0A,CERUTI.3                                          ,6/2/2021,,CERUTI.3
7508 1A,CERUTI.2                                          ,6/2/2021,,CERUTI.2
7589 0A,CERUTI.1                                          ,6/2/2021,,CERUTI.1
4643 2C,CERUTI.2                                          ,6/2/2021,,CERUTI.2
4645 3D,CERUTI.2                                          ,6/2/2021,,CERUTI.2
1203A 7H,CERUTI.2                                          ,6/3/2021,,CERUTI.2
6065 1B,CERUTI.1                                          ,6/3/2021,,CERUTI.1
7374 0A,CERUTI.2                                          ,6/3/2021,,CERUTI.2
7496 0A,CERUTI.5,6/3/2021,,CERUTI.5
7498 0B,CERUTI.3                                          ,6/3/2021,,CERUTI.3
5557 1B,CERUTI.2                                          ,6/3/2021,,CERUTI.2
6905 1B,CERUTI.1                                          ,6/3/2021,,CERUTI.1
7143 0A,CERUTI.2                                          ,6/3/2021,,CERUTI.2
6919 0A,CERUTI.2                                          ,6/4/2021,,CERUTI.2
7499 0C,CERUTI.3                                          ,6/4/2021,,CERUTI.3
4971 1C,CERUTI.2                                          ,6/4/2021,,CERUTI.2
7477 0A,CERUTI.1                                          ,6/4/2021,,CERUTI.1
6956 2E,CERUTI.5,6/4/2021,,CERUTI.5
6768 0D,CERUTI.2                                          ,6/4/2021,,CERUTI.2
4711A 3F,CERUTI.3                                          ,6/4/2021,,CERUTI.3
4709A 3E,CERUTI.3                                          ,6/4/2021,,CERUTI.3
5549 1E,CERUTI.2                                          ,6/5/2021,,CERUTI.2
5405 1E,CERUTI.1                                          ,6/5/2021,,CERUTI.1
7563 0A,CERUTI.2                                          ,6/5/2021,,CERUTI.2
7564 0A,CERUTI.2                                          ,6/5/2021,,CERUTI.2
5406 1F,CERUTI.1                                          ,6/5/2021,,CERUTI.1
6440 0A,CERUTI.2                                          ,6/5/2021,,CERUTI.2
6709 0C,CERUTI.1                                          ,6/5/2021,,CERUTI.1
7205 0B,CERUTI.2                                          ,6/6/2021,,CERUTI.2
7201 1C,CERUTI.5,6/6/2021,,CERUTI.5
4777 0E,CERUTI.2                                          ,6/6/2021,,CERUTI.2
7185 0A,CERUTI.1                                          ,6/7/2021,,CERUTI.1
6344 1C,CERUTI.2                                          ,6/7/2021,,CERUTI.2
7461 0A,CERUTI.1                                          ,6/7/2021,,CERUTI.1
7462 0A,CERUTI.1                                          ,6/7/2021,,CERUTI.1
3792 6N,CERUTI.5,6/7/2021,,CERUTI.5
6903 0A,CERUTI.2                                          ,6/7/2021,,CERUTI.2
6532 0E,CERUTI.2                                          ,6/7/2021,,CERUTI.2
6531 0E,CERUTI.2                                          ,6/8/2021,,CERUTI.2
6596A 0A,CERUTI.1                                          ,6/8/2021,,CERUTI.1
7576 0A,CERUTI.2                                          ,6/8/2021,,CERUTI.2
2033 10L,CERUTI.2                                          ,6/8/2021,,CERUTI.2
3818 6M,CERUTI.2                                          ,6/8/2021,,CERUTI.2
6597A 0A,CERUTI.1                                          ,6/8/2021,,CERUTI.1
5409A 1D,CERUTI.2                                          ,6/8/2021,,CERUTI.2
5980A 2D,CERUTI.2                                          ,6/9/2021,,CERUTI.2
7573 0A,CERUTI.1                                          ,6/9/2021,,CERUTI.1
7586 0A,CERUTI.1                                          ,6/9/2021,,CERUTI.1
4521 3G,CERUTI.2                                          ,6/9/2021,,CERUTI.2
7296 0A,CERUTI.1                                          ,6/9/2021,,CERUTI.1
2580 6Q,CERUTI.1                                          ,6/9/2021,,CERUTI.1
7092 0A,CERUTI.1                                          ,9/6/2021,,CERUTI.1
2206 3H,CERUTI.2                                          ,6/10/2021,,CERUTI.2
7587 0B,CERUTI.3                                          ,6/10/2021,,CERUTI.3
7588 0B,CERUTI.3                                          ,6/10/2021,,CERUTI.3
7602 0B,CERUTI.2                                          ,6/10/2021,,CERUTI.2
7395 0A,CERUTI.1                                          ,6/10/2021,,CERUTI.1
5592A 2B,CERUTI.1                                          ,6/10/2021,,CERUTI.1
5724 0B,CERUTI.2                                          ,6/11/2021,,CERUTI.2
6116 1B,CERUTI.1                                          ,6/11/2021,,CERUTI.1
5494 1D,CERUTI.2                                          ,6/11/2021,,CERUTI.2
7471A 0A,CERUTI.3                                          ,6/11/2021,,CERUTI.3
7582A 0A,CERUTI.5,6/11/2021,,CERUTI.5
7597 0B,CERUTI.2                                          ,6/11/2021,,CERUTI.2
7632 0A,CERUTI.1                                          ,6/11/2021,,CERUTI.1
7596 0A,CERUTI.2                                          ,6/11/2021,,CERUTI.2
7472A 0A,CERUTI.5,6/11/2021,,CERUTI.5
7581A 0A,CERUTI.3                                          ,6/11/2021,,CERUTI.3
7555 0B,CERUTI.1                                          ,6/11/2021,,CERUTI.1
5685 0C,CERUTI.2                                          ,6/11/2021,,CERUTI.2
6258 1D,CERUTI.1                                          ,6/11/2021,,CERUTI.1
6940 0A,CERUTI.2                                          ,6/12/2021,,CERUTI.2
5824 1C,CERUTI.3                                          ,6/12/2021,,CERUTI.3
6769 1B,CERUTI.3                                          ,6/12/2021,,CERUTI.3
6100 1C,CERUTI.2                                          ,6/12/2021,,CERUTI.2
6103 1C,CERUTI.2                                          ,6/13/2021,,CERUTI.2
6101 1C,CERUTI.2                                          ,6/13/2021,,CERUTI.2
3913 3I,CERUTI.2                                          ,6/14/2021,,CERUTI.2
6760 0C,CERUTI.3                                          ,6/14/2021,,CERUTI.3
7074 2E,CERUTI.3                                          ,6/14/2021,,CERUTI.3
5660 5I,CERUTI.1                                          ,6/14/2021,,CERUTI.1
7606 0A,CERUTI.2                                          ,6/14/2021,,CERUTI.2
3817 5L,CERUTI.2                                          ,6/14/2021,,CERUTI.2
6743 0B,CERUTI.2                                          ,6/14/2021,,CERUTI.2
7601 0A,CERUTI.2                                          ,6/15/2021,,CERUTI.2
7031 1F,CERUTI.3                                          ,6/15/2021,,CERUTI.3
7605 0A,CERUTI.1                                          ,6/15/2021,,CERUTI.1
5693 0F,CERUTI.3                                          ,6/15/2021,,CERUTI.3
7608 0A,CERUTI.1                                          ,6/15/2021,,CERUTI.1
6097 1C,CERUTI.2                                          ,6/15/2021,,CERUTI.2
4782A 0I,CERUTI.3                                          ,6/15/2021,,CERUTI.3
4778 0E,CERUTI.1                                          ,6/15/2021,,CERUTI.1
6136 0B,CERUTI.2                                          ,6/15/2021,,CERUTI.2
5689 0B,CERUTI.1                                          ,6/16/2021,,CERUTI.1
7574 0B,CERUTI.2                                          ,6/16/2021,,CERUTI.2
7594A 0A,CERUTI.3                                          ,6/16/2021,,CERUTI.3
7539 0B,CERUTI.1                                          ,6/16/2021,,CERUTI.1
7537 0A,CERUTI.1                                          ,6/16/2021,,CERUTI.1
6745 1C,CERUTI.3                                          ,6/16/2021,,CERUTI.3
1017 14Q,CERUTI.2                                          ,6/16/2021,,CERUTI.2
2803 8S,CERUTI.5,6/16/2021,,CERUTI.5
4053 6E,CERUTI.1                                          ,6/16/2021,,CERUTI.1
6056 0E,CERUTI.2                                          ,6/16/2021,,CERUTI.2
6286 0A,CERUTI.2                                          ,6/17/2021,,CERUTI.2
5565 2D,CERUTI.2                                          ,6/17/2021,,CERUTI.2
7569 0A,CERUTI.2                                          ,6/17/2021,,CERUTI.2
6710 1F,CERUTI.1                                          ,6/17/2021,,CERUTI.1
7621 0A,CERUTI.1                                          ,6/17/2021,,CERUTI.1
5743 2D,CERUTI.2                                          ,6/17/2021,,CERUTI.2
4161A 0C,CERUTI.1                                          ,6/17/2021,,CERUTI.1
7287 0A,CERUTI.3                                          ,6/17/2021,,CERUTI.3
7206 0A,CERUTI.2                                          ,6/17/2021,,CERUTI.2
4202 2H,CERUTI.1                                          ,6/18/2021,,CERUTI.1
5892 1A,CERUTI.2                                          ,6/18/2021,,CERUTI.2
6070 0A,CERUTI.2                                          ,6/18/2021,,CERUTI.2
6601 1E,CERUTI.2                                          ,6/18/2021,,CERUTI.2
7568 1A,CERUTI.1                                          ,6/18/2021,,CERUTI.1
4462 1B,CERUTI.3                                          ,6/18/2021,,CERUTI.3
7615 0A,CERUTI.2                                          ,6/18/2021,,CERUTI.2
7567 1A,CERUTI.1                                          ,6/18/2021,,CERUTI.1
6363 2D,CERUTI.2                                          ,6/18/2021,,CERUTI.2
5797 4F,CERUTI.3                                          ,6/18/2021,,CERUTI.3
6588 0D,CERUTI.5,6/18/2021,,CERUTI.5
5445 0D,CERUTI.2                                          ,6/19/2021,,CERUTI.2
5135 1B,CERUTI.1                                          ,6/19/2021,,CERUTI.1
7620 0A,CERUTI.1                                          ,6/19/2021,,CERUTI.1
5142 20T,CERUTI.3                                          ,6/19/2021,,CERUTI.3
4226A 2D,CERUTI.5,6/19/2021,,CERUTI.5
4905 1B,CERUTI.1                                          ,6/19/2021,,CERUTI.1
2938 5N,CERUTI.3                                          ,6/19/2021,,CERUTI.3
6631 1B,CERUTI.2                                          ,6/20/2021,,CERUTI.2
7414 0A,CERUTI.1                                          ,6/20/2021,,CERUTI.1
6889 0B,CERUTI.2                                          ,6/20/2021,,CERUTI.2
7329 1A,CERUTI.2                                          ,6/20/2021,,CERUTI.2
7628A 0A,CERUTI.3                                          ,6/21/2021,,CERUTI.3
6675 2B,CERUTI.2                                          ,6/21/2021,,CERUTI.2
7566 1A,CERUTI.2                                          ,9/9/2021,,CERUTI.2
6677 2B,CERUTI.2                                          ,6/21/2021,,CERUTI.2
7565 1A,CERUTI.1                                          ,6/21/2021,,CERUTI.1
0914 8K,CERUTI.2                                          ,6/21/2021,,CERUTI.2
2685A 3F,CERUTI.1                                          ,6/22/2021,,CERUTI.1
5418 2B,CERUTI.2                                          ,6/22/2021,,CERUTI.2
5414 2B,CERUTI.2                                          ,6/22/2021,,CERUTI.2
6393 0A,CERUTI.1                                          ,6/22/2021,,CERUTI.1
6884 0B,CERUTI.1                                          ,6/22/2021,,CERUTI.1
6744 0A,CERUTI.1                                          ,6/23/2021,,CERUTI.1
1660 11Q,CERUTI.2                                          ,6/23/2021,,CERUTI.2
3088 6M,CERUTI.3                                          ,6/23/2021,,CERUTI.3
4922 0E,CERUTI.1                                          ,6/23/2021,,CERUTI.1
5687 0A,CERUTI.1                                          ,6/23/2021,,CERUTI.1
2453 10N,CERUTI.2                                          ,6/23/2021,,CERUTI.2
7532 0B,CERUTI.3                                          ,6/24/2021,,CERUTI.3
7456A 0A,CERUTI.2                                          ,6/24/2021,,CERUTI.2
7641 0A,CERUTI.1                                          ,6/24/2021,,CERUTI.1
7295 1B,CERUTI.1                                          ,6/24/2021,,CERUTI.1
2776 2G,CERUTI.2                                          ,6/24/2021,,CERUTI.2
1046 3I,CERUTI.2                                          ,6/24/2021,,CERUTI.2
6623 1D,CERUTI.1                                          ,6/24/2021,,CERUTI.1
4507 2F,CERUTI.1                                          ,6/25/2021,,CERUTI.1
6970 1A,CERUTI.1                                          ,6/25/2021,,CERUTI.1
7638 0A,CERUTI.2                                          ,6/25/2021,,CERUTI.2
7272A 0A,CERUTI.1                                          ,6/25/2021,,CERUTI.1
6262 1C,CERUTI.3                                          ,6/25/2021,,CERUTI.3
7599A 0A,CERUTI.1                                          ,6/25/2021,,CERUTI.1
7627 0A,CERUTI.5,6/25/2021,,CERUTI.5
5298 1E,CERUTI.2                                          ,6/25/2021,,CERUTI.2
5297 1E,CERUTI.2                                          ,6/26/2021,,CERUTI.2
2578 5I,CERUTI.1                                          ,6/26/2021,,CERUTI.1
3282 6L,CERUTI.1                                          ,6/27/2021,,CERUTI.1
7631 0A,CERUTI.2                                          ,6/28/2021,,CERUTI.2
6746A 1C,CERUTI.1                                          ,6/28/2021,,CERUTI.1
5384 1E,CERUTI.2                                          ,6/28/2021,,CERUTI.2
7634 0A,CERUTI.2                                          ,6/29/2021,,CERUTI.2
6047A 4B,CERUTI.5,6/29/2021,,CERUTI.5
7511 0A,CERUTI.1                                          ,6/29/2021,,CERUTI.1
5069A 0A,CERUTI.1                                          ,6/29/2021,,CERUTI.1
4130 2D,CERUTI.2                                          ,6/29/2021,,CERUTI.2
5547 0A,CERUTI.2                                          ,6/30/2021,,CERUTI.2
7048 0A,CERUTI.1                                          ,6/30/2021,,CERUTI.1
7633 0A,CERUTI.1                                          ,6/30/2021,,CERUTI.1
6735 0B,CERUTI.2                                          ,6/30/2021,,CERUTI.2
5393 1C,CERUTI.2                                          ,7/1/2021,,CERUTI.2
5396 1C,CERUTI.2                                          ,7/1/2021,,CERUTI.2
7645 0A,JASA PRINTING DI RAPIGRA                          ,7/1/2021,,JASA PRINTING DI RAPIGRA
0412 5J,CERUTI.1                                          ,7/1/2021,,CERUTI.1
7515 0A,CERUTI.2                                          ,7/1/2021,,CERUTI.2
1636 5I,CERUTI.2                                          ,7/1/2021,,CERUTI.2
6983 0A,CERUTI.1                                          ,7/1/2021,,CERUTI.1
7181 0B,CERUTI.2                                          ,7/1/2021,,CERUTI.2
5242 0B,CERUTI.2                                          ,7/2/2021,,CERUTI.2
6832 0B,CERUTI.1                                          ,7/2/2021,,CERUTI.1
6718 0B,CERUTI.2                                          ,7/2/2021,,CERUTI.2
7656A 0A,CERUTI.1                                          ,7/2/2021,,CERUTI.1
7239 0A,CERUTI.2                                          ,7/2/2021,,CERUTI.2
7644A 0A,CERUTI.2                                          ,7/2/2021,,CERUTI.2
7591 0A,CERUTI.1                                          ,7/2/2021,,CERUTI.1
7612 0A,CERUTI.5,7/2/2021,,CERUTI.5
4285 2E,CERUTI.1                                          ,7/2/2021,,CERUTI.1
7032 0B,CERUTI.2                                          ,7/2/2021,,CERUTI.2
6666 1F,CERUTI.5,7/2/2021,,CERUTI.5
7240 0A,CERUTI.2                                          ,7/3/2021,,CERUTI.2
6252 1B,CERUTI.2                                          ,7/3/2021,,CERUTI.2
2994 4K,CERUTI.5,7/4/2021,,CERUTI.5
5392 1C,CERUTI.2                                          ,7/4/2021,,CERUTI.2
7330 0A,CERUTI.2                                          ,7/4/2021,,CERUTI.2
5763 1C,CERUTI.1                                          ,7/4/2021,,CERUTI.1
1618 5N,CERUTI.2                                          ,8/6/2021,,CERUTI.2
7658 0A,CERUTI.1                                          ,7/5/2021,,CERUTI.1
1619 5O,CERUTI.2                                          ,7/5/2021,,CERUTI.2
1617 6O,CERUTI.2                                          ,8/6/2021,,CERUTI.2
7659 0A,CERUTI.1                                          ,7/5/2021,,CERUTI.1
7157 0A,CERUTI.1                                          ,7/6/2021,,CERUTI.1
7664 0A,CERUTI.2                                          ,7/6/2021,,CERUTI.2
6962 1C,CERUTI.3                                          ,7/6/2021,,CERUTI.3
6963 1C,CERUTI.2                                          ,7/6/2021,,CERUTI.2
7229 1C,CERUTI.1                                          ,7/6/2021,,CERUTI.1
2680 3G,CERUTI.2                                          ,7/6/2021,,CERUTI.2
4677A 3G,CERUTI.2                                          ,7/8/2021,,CERUTI.2
2169 3K,CERUTI.2                                          ,7/7/2021,,CERUTI.2
7646 0A,CERUTI.1                                          ,7/7/2021,,CERUTI.1
7640 0A,CERUTI.2                                          ,7/7/2021,,CERUTI.2
7626 0B,CERUTI.1                                          ,7/7/2021,,CERUTI.1
4678A 3G,CERUTI.3                                          ,7/7/2021,,CERUTI.3
7147 0A,CERUTI.1                                          ,7/7/2021,,CERUTI.1
4923 1D,CERUTI.1                                          ,7/7/2021,,CERUTI.1
5605 1B,CERUTI.1                                          ,7/7/2021,,CERUTI.1
6507 0A,CERUTI.1                                          ,7/7/2021,,CERUTI.1
2577 5I,CERUTI.1                                          ,7/7/2021,,CERUTI.1
4907 1B,CERUTI.1                                          ,7/7/2021,,CERUTI.1
3140 2D,CERUTI.2                                          ,7/27/2021,,CERUTI.2
3031 2D,CERUTI.1                                          ,7/7/2021,,CERUTI.1
3364 2C,CERUTI.1                                          ,7/7/2021,,CERUTI.1
7551 0A,CERUTI.1                                          ,7/7/2021,,CERUTI.1
6837 0B,CERUTI.2                                          ,7/7/2021,,CERUTI.2
7668 0B,CERUTI.1                                          ,7/8/2021,,CERUTI.1
4989 10P,CERUTI.1                                          ,7/8/2021,,CERUTI.1
6022 3F,CERUTI.3                                          ,7/8/2021,,CERUTI.3
6309 0A,CERUTI.1                                          ,7/8/2021,,CERUTI.1
6926 0B,CERUTI.1                                          ,7/8/2021,,CERUTI.1
6772 1B,CERUTI.1                                          ,7/8/2021,,CERUTI.1
6346 0B,CERUTI.1                                          ,7/8/2021,,CERUTI.1
7137 1F,CERUTI.1                                          ,7/8/2021,,CERUTI.1
7665 0A,CERUTI.1                                          ,7/8/2021,,CERUTI.1
7655 0A,CERUTI.1                                          ,7/8/2021,,CERUTI.1
5604 0C,CERUTI.1                                          ,7/8/2021,,CERUTI.1
5050 2C,CERUTI.1                                          ,7/8/2021,,CERUTI.1
7683 0A,CERUTI.1                                          ,7/8/2021,,CERUTI.1
6402 2E,CERUTI.2                                          ,9/9/2021,,CERUTI.2
6446 0B,CERUTI.1                                          ,7/8/2021,,CERUTI.1
2575 5J,CERUTI.1                                          ,7/8/2021,,CERUTI.1
7663 0B,CERUTI.1                                          ,7/8/2021,,CERUTI.1
7662 0B,CERUTI.1                                          ,7/8/2021,,CERUTI.1
4903 1B,CERUTI.1                                          ,7/8/2021,,CERUTI.1
4906 1B,CERUTI.1                                          ,7/8/2021,,CERUTI.1
7639 0A,CERUTI.1                                          ,7/8/2021,,CERUTI.1
4584 2D,CERUTI.2                                          ,7/8/2021,,CERUTI.2
4588 2D,CERUTI.2                                          ,7/8/2021,,CERUTI.2
7642 0A,CERUTI.2                                          ,7/8/2021,,CERUTI.2
7635 0A,CERUTI.2                                          ,7/8/2021,,CERUTI.2
6948 2D,CERUTI.2                                          ,7/8/2021,,CERUTI.2
6916 0A,CERUTI.2                                          ,7/8/2021,,CERUTI.2
7121 0A,CERUTI.2                                          ,7/8/2021,,CERUTI.2
7379 0A,CERUTI.2                                          ,7/8/2021,,CERUTI.2
3841 3G,CERUTI.2                                          ,7/8/2021,,CERUTI.2
4046 2F,CERUTI.2                                          ,7/8/2021,,CERUTI.2
6953 0A,CERUTI.2                                          ,7/8/2021,,CERUTI.2
4090A 1C,CERUTI.2                                          ,7/8/2021,,CERUTI.2
5201 1B,CERUTI.2                                          ,7/8/2021,,CERUTI.2
2599 6J,CERUTI.2                                          ,7/8/2021,,CERUTI.2
7172 0B,CERUTI.2                                          ,7/8/2021,,CERUTI.2
6678 0C,CERUTI.2                                          ,7/8/2021,,CERUTI.2
7647 0A,CERUTI.2                                          ,7/8/2021,,CERUTI.2
7318 1C,CERUTI.2                                          ,7/8/2021,,CERUTI.2
5756 0B,CERUTI.2                                          ,7/8/2021,,CERUTI.2
3581 2D,CERUTI.2                                          ,7/8/2021,,CERUTI.2
7052 0A,CERUTI.2                                          ,7/8/2021,,CERUTI.2
6072 1F,CERUTI.2                                          ,7/8/2021,,CERUTI.2
1273 8P,CERUTI.2                                          ,7/8/2021,,CERUTI.2
6350 2G,CERUTI.2                                          ,7/8/2021,,CERUTI.2
6285 0A,CERUTI.2                                          ,7/8/2021,,CERUTI.2
6340 2E,CERUTI.2                                          ,7/8/2021,,CERUTI.2
4871 5I,CERUTI.2                                          ,7/8/2021,,CERUTI.2
1620 6O,CERUTI.2                                          ,7/8/2021,,CERUTI.2
7187 0A,CERUTI.2                                          ,7/8/2021,,CERUTI.2
7288 0A,CERUTI.2                                          ,7/8/2021,,CERUTI.2
7144 0A,CERUTI.2                                          ,7/8/2021,,CERUTI.2
7120 0A,CERUTI.2                                          ,7/8/2021,,CERUTI.2
7703 0A,CERUTI.2                                          ,7/8/2021,,CERUTI.2
2607 3F,CERUTI.2                                          ,7/8/2021,,CERUTI.2
6098 1B,CERUTI.2                                          ,7/8/2021,,CERUTI.2
6165 0B,CERUTI.2                                          ,7/8/2021,,CERUTI.2
5691 0G,CERUTI.3                                          ,7/8/2021,,CERUTI.3
5845A 5D,CERUTI.5,7/8/2021,,CERUTI.5
3849A 1D,CERUTI.3                                          ,7/8/2021,,CERUTI.3
6000 3G,CERUTI.3                                          ,7/8/2021,,CERUTI.3
5886A 0A,CERUTI.3                                          ,7/8/2021,,CERUTI.3
3614 4J,CERUTI.1                                          ,9/8/2021,,CERUTI.1
6826 0A,CERUTI.3                                          ,7/8/2021,,CERUTI.3
3616 5K,CERUTI.1                                          ,9/8/2021,,CERUTI.1
3613 3L,CERUTI.1                                          ,9/6/2021,,CERUTI.1
4525 3G,CERUTI.3                                          ,7/8/2021,,CERUTI.3
4522 3G,CERUTI.3                                          ,7/8/2021,,CERUTI.3
7478 0B,CERUTI.1                                          ,7/9/2021,,CERUTI.1
5736 3H,CERUTI.3                                          ,7/8/2021,,CERUTI.3
5734 3H,CERUTI.3                                          ,7/8/2021,,CERUTI.3
7700 0A,CERUTI.3                                          ,7/8/2021,,CERUTI.3
7685 0A,CERUTI.3                                          ,7/8/2021,,CERUTI.3
2820 4F,CERUTI.1                                          ,7/27/2021,,CERUTI.1
7479 0B,CERUTI.5,7/8/2021,,CERUTI.5
5735 2H,CERUTI.5,7/8/2021,,CERUTI.5
5466 3J,CERUTI.5,7/8/2021,,CERUTI.5
7165 0A,CERUTI.5,7/8/2021,,CERUTI.5
6339 1G,CERUTI.5,7/8/2021,,CERUTI.5
5674 1B,CERUTI.1                                          ,7/8/2021,,CERUTI.1
4344 3C,CERUTI.1                                          ,7/8/2021,,CERUTI.1
4247 4G,CERUTI.1                                          ,7/8/2021,,CERUTI.1
6813A 1C,CERUTI.2                                          ,7/8/2021,,CERUTI.2
7610 0A,CERUTI.2                                          ,7/8/2021,,CERUTI.2
7611 0A,CERUTI.2                                          ,7/8/2021,,CERUTI.2
7494 0A,CERUTI.2                                          ,7/8/2021,,CERUTI.2
7355 0A,CERUTI.2                                          ,7/8/2021,,CERUTI.2
7405 0B,CERUTI.3                                          ,7/8/2021,,CERUTI.3
5937 0B,CERUTI.3                                          ,7/9/2021,,CERUTI.3
7034 0B,CERUTI.3                                          ,7/9/2021,,CERUTI.3
5817 3K,CERUTI.3                                          ,7/9/2021,,CERUTI.3
5931 0A,CERUTI.5,7/9/2021,,CERUTI.5
5826 1B,CERUTI.5,7/9/2021,,CERUTI.5
6746A 1D,CERUTI.1                                          ,7/9/2021,,CERUTI.1
7703 0B,CERUTI.2                                          ,7/9/2021,,CERUTI.2
5930 0A,CERUTI.5,7/9/2021,,CERUTI.5
7700 0B,CERUTI.3                                          ,7/9/2021,,CERUTI.3
5452 2G,CERUTI.3                                          ,7/12/2021,,CERUTI.3
5351 2F,CERUTI.3                                          ,7/12/2021,,CERUTI.3
5822 0B,CERUTI.2                                          ,7/12/2021,,CERUTI.2
6166A 0D,CERUTI.2                                          ,7/12/2021,,CERUTI.2
6939 1B,CERUTI.2                                          ,7/12/2021,,CERUTI.2
7269 0A,CERUTI.2                                          ,7/12/2021,,CERUTI.2
7270 0A,CERUTI.2                                          ,7/12/2021,,CERUTI.2
5454A 0F,CERUTI.2                                          ,7/12/2021,,CERUTI.2
5703 0A,CERUTI.1                                          ,7/12/2021,,CERUTI.1
2899A 2F,CERUTI.1                                          ,7/12/2021,,CERUTI.1
2862 2J,CERUTI.1                                          ,7/12/2021,,CERUTI.1
0707 3E,CERUTI.1                                          ,7/12/2021,,CERUTI.1
7775 0A,CERUTI.1                                          ,7/13/2021,,CERUTI.1
6547 1B,CERUTI.1                                          ,7/13/2021,,CERUTI.1
2580 6R,CERUTI.1                                          ,7/13/2021,,CERUTI.1
2595 6H,CERUTI.2                                          ,7/13/2021,,CERUTI.2
7286 1B,CERUTI.3                                          ,7/13/2021,,CERUTI.3
5749 0B,CERUTI.3                                          ,7/13/2021,,CERUTI.3
7354 0B,CERUTI.2                                          ,7/18/2021,,CERUTI.2
3282 6M,CERUTI.2                                          ,7/19/2021,,CERUTI.2
5831 1C,CERUTI.2                                          ,7/19/2021,,CERUTI.2
7691 0A,CERUTI.1                                          ,7/19/2021,,CERUTI.1
6838 1B,CERUTI.1                                          ,7/19/2021,,CERUTI.1
7701 0A,CERUTI.1                                          ,8/27/2021,,CERUTI.1
5097 19V,CERUTI.3                                          ,7/19/2021,,CERUTI.3
7583 1A,CERUTI.2                                          ,7/19/2021,,CERUTI.2
5748 3D,CERUTI.3                                          ,7/19/2021,,CERUTI.3
3247 2C,CERUTI.3                                          ,7/19/2021,,CERUTI.3
6529 0A,CERUTI.3                                          ,7/19/2021,,CERUTI.3
7087 1B,CERUTI.3                                          ,7/19/2021,,CERUTI.3
7086 1B,CERUTI.3                                          ,7/19/2021,,CERUTI.3
3246 2C,CERUTI.3                                          ,7/19/2021,,CERUTI.3
7690 1A,CERUTI.2                                          ,8/5/2021,,CERUTI.2
3276A 5H,CERUTI.3                                          ,7/19/2021,,CERUTI.3
5333 1E,CERUTI.3                                          ,7/19/2021,,CERUTI.3
7202 0A,CERUTI.2                                          ,8/6/2021,,CERUTI.2
5535 0C,CERUTI.2                                          ,7/20/2021,,CERUTI.2
6573 0D,CERUTI.1                                          ,7/20/2021,,CERUTI.1
4660 2F,CERUTI.2                                          ,7/21/2021,,CERUTI.2
3486 0E,CERUTI.1                                          ,9/6/2021,,CERUTI.1
2658A 3D,CERUTI.2                                          ,7/21/2021,,CERUTI.2
3112A 3G,CERUTI.2                                          ,7/21/2021,,CERUTI.2
7738A 0A,CERUTI.2                                          ,7/21/2021,,CERUTI.2
4173A 1E,CERUTI.2                                          ,7/21/2021,,CERUTI.2
7697 0A,CERUTI.2                                          ,7/21/2021,,CERUTI.2
7088 1B,CERUTI.2                                          ,7/21/2021,,CERUTI.2
7288 0B,CERUTI.2                                          ,7/21/2021,,CERUTI.2
5415 2H,CERUTI.2                                          ,7/21/2021,,CERUTI.2
6854 2B,CERUTI.3                                          ,7/21/2021,,CERUTI.3
5576 3E,CERUTI.2                                          ,7/21/2021,,CERUTI.2
5778 1A,CERUTI.5,7/21/2021,,CERUTI.5
7681 0A,CERUTI.1                                          ,7/21/2021,,CERUTI.1
7680 0A,CERUTI.1                                          ,7/21/2021,,CERUTI.1
2915 2D,CERUTI.1                                          ,7/21/2021,,CERUTI.1
6858 1B,CERUTI.1                                          ,7/21/2021,,CERUTI.1
6686 0A,CERUTI.1                                          ,7/21/2021,,CERUTI.1
2538 0G,CERUTI.1                                          ,7/21/2021,,CERUTI.1
6550 0B,CERUTI.1                                          ,7/21/2021,,CERUTI.1
2899A 2E,CERUTI.1                                          ,7/22/2021,,CERUTI.1
7705A 0A,CERUTI.3                                          ,7/23/2021,,CERUTI.3
7704A 0A,CERUTI.3                                          ,7/23/2021,,CERUTI.3
6986 1B,CERUTI.1                                          ,7/24/2021,,CERUTI.1
4067 4E,CERUTI.1                                          ,9/7/2021,,CERUTI.1
7289 0A,CERUTI.2                                          ,7/25/2021,,CERUTI.2
7710 0A,CERUTI.1                                          ,7/26/2021,,CERUTI.1
6155 1B,CERUTI.2                                          ,7/26/2021,,CERUTI.2
7790 0A,CERUTI.3                                          ,7/26/2021,,CERUTI.3
7789 0A,CERUTI.2                                          ,7/26/2021,,CERUTI.2
2049 0E,CERUTI.1                                          ,7/26/2021,,CERUTI.1
6432 0B,CERUTI.1                                          ,7/26/2021,,CERUTI.1
7765 0A,CERUTI.1                                          ,7/26/2021,,CERUTI.1
7673 1A,CERUTI.1                                          ,7/26/2021,,CERUTI.1
4152 1F,CERUTI.1                                          ,7/26/2021,,CERUTI.1
7672 1A,CERUTI.1                                          ,7/26/2021,,CERUTI.1
3958 0A,CERUTI.3                                          ,7/27/2021,,CERUTI.3
0274A 10I,CERUTI.1                                          ,7/27/2021,,CERUTI.1
5334 1F,CERUTI.1                                          ,7/27/2021,,CERUTI.1
2585 4F,CERUTI.1                                          ,7/27/2021,,CERUTI.1
7793 0A,CERUTI.3                                          ,7/27/2021,,CERUTI.3
7707 0A,CERUTI.2                                          ,7/27/2021,,CERUTI.2
5554 0D,CERUTI.2                                          ,7/27/2021,,CERUTI.2
7791 0A,CERUTI.2                                          ,7/27/2021,,CERUTI.2
1613 11S,CERUTI.2                                          ,7/27/2021,,CERUTI.2
7085 0A,CERUTI.2                                          ,7/27/2021,,CERUTI.2
7023 0A,CERUTI.2                                          ,7/27/2021,,CERUTI.2
2388 5I,CERUTI.2                                          ,7/27/2021,,CERUTI.2
6335 0A,CERUTI.2                                          ,7/27/2021,,CERUTI.2
6267 1C,CERUTI.2                                          ,7/27/2021,,CERUTI.2
2177 5H,CERUTI.2                                          ,7/27/2021,,CERUTI.2
6098 1C,CERUTI.2                                          ,7/27/2021,,CERUTI.2
7719 0A,CERUTI.2                                          ,7/27/2021,,CERUTI.2
6385 0B,CERUTI.2                                          ,7/27/2021,,CERUTI.2
6386 0B,CERUTI.2                                          ,7/27/2021,,CERUTI.2
4325 2E,CERUTI.2                                          ,7/27/2021,,CERUTI.2
4074 1C,CERUTI.2                                          ,7/27/2021,,CERUTI.2
6392 0A,CERUTI.2                                          ,7/27/2021,,CERUTI.2
2773 3C,CERUTI.2                                          ,7/27/2021,,CERUTI.2
2764 2C,CERUTI.2                                          ,7/27/2021,,CERUTI.2
3958 0B,CERUTI.1                                          ,9/8/2021,,CERUTI.1
6002 1F,CERUTI.3                                          ,7/27/2021,,CERUTI.3
7777 0A,CERUTI.3                                          ,7/27/2021,,CERUTI.3
2548 1D,CERUTI.1                                          ,9/7/2021,,CERUTI.1
7776 0A,CERUTI.3                                          ,7/27/2021,,CERUTI.3
5750 0B,CERUTI.3                                          ,7/27/2021,,CERUTI.3
6585 1F,CERUTI.3                                          ,7/27/2021,,CERUTI.3
6586 2D,CERUTI.3                                          ,7/27/2021,,CERUTI.3
7423 0A,CERUTI.3                                          ,7/27/2021,,CERUTI.3
2797 6J,CERUTI.3                                          ,7/27/2021,,CERUTI.3
6506 1D,CERUTI.5,7/27/2021,,CERUTI.5
3559 5F,CERUTI.5,7/27/2021,,CERUTI.5
6629 2D,CERUTI.5,7/27/2021,,CERUTI.5
7764 0A,CERUTI.1                                          ,8/2/2021,,CERUTI.1
6595 0B,CERUTI.1                                          ,8/2/2021,,CERUTI.1
2721 4J,CERUTI.2                                          ,8/2/2021,,CERUTI.2
2860 5E,CERUTI.1                                          ,8/2/2021,,CERUTI.1
6422 1B,CERUTI.1                                          ,8/2/2021,,CERUTI.1
7778 0A,CERUTI.1                                          ,8/2/2021,,CERUTI.1
5747 3F,CERUTI.2                                          ,8/2/2021,,CERUTI.2
4445A 1C,CERUTI.1                                          ,8/3/2021,,CERUTI.1
7662 1B,CERUTI.1                                          ,8/3/2021,,CERUTI.1
2240 2E,CERUTI.1                                          ,8/3/2021,,CERUTI.1
2551 2F,CERUTI.1                                          ,8/3/2021,,CERUTI.1
2715 4E,CERUTI.1                                          ,8/3/2021,,CERUTI.1
6395 0B,CERUTI.1                                          ,8/3/2021,,CERUTI.1
5675 1B,CERUTI.1                                          ,8/3/2021,,CERUTI.1
7741 0A,CERUTI.2                                          ,8/3/2021,,CERUTI.2
7759 0B,CERUTI.2                                          ,8/3/2021,,CERUTI.2
7758 0B,CERUTI.2                                          ,8/3/2021,,CERUTI.2
5297 2F,CERUTI.2                                          ,8/3/2021,,CERUTI.2
5294 1E,CERUTI.2                                          ,8/3/2021,,CERUTI.2
5385 1E,CERUTI.2                                          ,8/3/2021,,CERUTI.2
7029 2D,CERUTI.2                                          ,8/3/2021,,CERUTI.2
2860 3C,CERUTI.1                                          ,8/3/2021,,CERUTI.1
7742 1A,CERUTI.3                                          ,8/4/2021,,CERUTI.3
7847 0A,CERUTI.1                                          ,8/4/2021,,CERUTI.1
7845 0A,CERUTI.1                                          ,8/4/2021,,CERUTI.1
2688 0C,CERUTI.1                                          ,8/4/2021,,CERUTI.1
7667A 0A,CERUTI.1                                          ,8/4/2021,,CERUTI.1
7760A 0A,CERUTI.1                                          ,8/4/2021,,CERUTI.1
4323A 2E,CERUTI.1                                          ,8/4/2021,,CERUTI.1
3408 8K,CERUTI.1                                          ,8/4/2021,,CERUTI.1
7743 0A,CERUTI.1                                          ,8/4/2021,,CERUTI.1
4991 11P,CERUTI.1                                          ,8/4/2021,,CERUTI.1
7339 0A,CERUTI.1                                          ,8/4/2021,,CERUTI.1
7786 0A,CERUTI.1                                          ,8/4/2021,,CERUTI.1
7718 0B,CERUTI.1                                          ,8/4/2021,,CERUTI.1
7827 0A,CERUTI.1                                          ,8/4/2021,,CERUTI.1
7820 0A,CERUTI.1                                          ,8/4/2021,,CERUTI.1
4669 2C,CERUTI.1                                          ,8/4/2021,,CERUTI.1
4325 2F,CERUTI.1                                          ,8/4/2021,,CERUTI.1
7804A 0A,CERUTI.1                                          ,8/5/2021,,CERUTI.1
5887 4G,CERUTI.1                                          ,8/5/2021,,CERUTI.1
5660 6K,CERUTI.1                                          ,8/5/2021,,CERUTI.1
4989 11Q,CERUTI.1                                          ,8/5/2021,,CERUTI.1
7808 0A,CERUTI.1                                          ,8/5/2021,,CERUTI.1
4990 11Q,CERUTI.1                                          ,8/5/2021,,CERUTI.1
7779 1A,CERUTI.1                                          ,8/5/2021,,CERUTI.1
5830 3F,CERUTI.2                                          ,8/5/2021,,CERUTI.2
6151 0A,CERUTI.2                                          ,8/5/2021,,CERUTI.2
7510 0D,CERUTI.2                                          ,8/5/2021,,CERUTI.2
6737 1B,CERUTI.2                                          ,8/5/2021,,CERUTI.2
7663 1B,CERUTI.2                                          ,8/5/2021,,CERUTI.2
6382 0B,CERUTI.2                                          ,8/5/2021,,CERUTI.2
7781 0A,CERUTI.2                                          ,8/5/2021,,CERUTI.2
6004 4G,CERUTI.2                                          ,8/5/2021,,CERUTI.2
4438 1E,CERUTI.2                                          ,8/5/2021,,CERUTI.2
3495A 1G,CERUTI.2                                          ,8/5/2021,,CERUTI.2
5744 0A,CERUTI.2                                          ,8/5/2021,,CERUTI.2
7810 0A,CERUTI.2                                          ,8/5/2021,,CERUTI.2
6258 2E,CERUTI.2                                          ,8/5/2021,,CERUTI.2
7077 0A,CERUTI.2                                          ,8/5/2021,,CERUTI.2
7632 0C,CERUTI.2                                          ,8/5/2021,,CERUTI.2
1153 5J,CERUTI.2                                          ,8/5/2021,,CERUTI.2
6817 0B,CERUTI.2                                          ,8/5/2021,,CERUTI.2
6819 0B,CERUTI.2                                          ,8/5/2021,,CERUTI.2
6818 0B,CERUTI.2                                          ,8/5/2021,,CERUTI.2
7699A 0A,CERUTI.2                                          ,8/5/2021,,CERUTI.2
6794 0C,CERUTI.2                                          ,8/5/2021,,CERUTI.2
6543 1B,CERUTI.2                                          ,8/5/2021,,CERUTI.2
5813 0C,CERUTI.2                                          ,8/5/2021,,CERUTI.2
2205 2E,CERUTI.2                                          ,8/5/2021,,CERUTI.2
4869 5H,CERUTI.2                                          ,8/5/2021,,CERUTI.2
5565 3E,CERUTI.2                                          ,8/5/2021,,CERUTI.2
3067 2C,CERUTI.2                                          ,8/5/2021,,CERUTI.2
3066 2C,CERUTI.2                                          ,8/5/2021,,CERUTI.2
7229 1D,CERUTI.2                                          ,8/5/2021,,CERUTI.2
6162 1B,CERUTI.2                                          ,8/5/2021,,CERUTI.2
7835 0A,CERUTI.2                                          ,8/5/2021,,CERUTI.2
6590 0A,CERUTI.2                                          ,8/5/2021,,CERUTI.2
7706 0B,CERUTI.1                                          ,9/6/2021,,CERUTI.1
7809 0A,CERUTI.2                                          ,8/5/2021,,CERUTI.2
7799 0A,CERUTI.2                                          ,8/5/2021,,CERUTI.2
5378 0E,CERUTI.2                                          ,8/5/2021,,CERUTI.2
5868 1E,CERUTI.3                                          ,8/5/2021,,CERUTI.3
7124 0D,CERUTI.3                                          ,8/5/2021,,CERUTI.3
3101A 3L,CERUTI.3                                          ,8/6/2021,,CERUTI.3
6940 1B,CERUTI.2                                          ,8/6/2021,,CERUTI.2
7803 0A,CERUTI.2                                          ,8/9/2021,,CERUTI.2
7792 0A,CERUTI.5,8/9/2021,,CERUTI.5
5711 3H,CERUTI.3                                          ,8/6/2021,,CERUTI.3
5312 4I,CERUTI.3                                          ,8/6/2021,,CERUTI.3
5505 1C,CERUTI.3                                          ,8/6/2021,,CERUTI.3
6473 2F,CERUTI.3                                          ,8/6/2021,,CERUTI.3
1482 3E,CERUTI.3                                          ,8/6/2021,,CERUTI.3
7842 0A,CERUTI.3                                          ,8/6/2021,,CERUTI.3
7846 0A,CERUTI.5,8/6/2021,,CERUTI.5
6003 4G,CERUTI.5,8/6/2021,,CERUTI.5
7492 0B,CERUTI.5,8/6/2021,,CERUTI.5
5826 1C,CERUTI.5,8/25/2021,,CERUTI.5
4140 1F,CERUTI.3                                          ,8/6/2021,,CERUTI.3
2793 7K,CERUTI.3                                          ,8/6/2021,,CERUTI.3
6264 2E,CERUTI.3                                          ,8/13/2021,,CERUTI.3
5172 2E,CERUTI.3                                          ,8/6/2021,,CERUTI.3
5171 2E,CERUTI.3                                          ,8/6/2021,,CERUTI.3
5642 0D,CERUTI.2                                          ,8/6/2021,,CERUTI.2
2990 0D,CERUTI.2                                          ,8/6/2021,,CERUTI.2
7780 0A,CERUTI.1                                          ,8/9/2021,,CERUTI.1
2221 4E,CERUTI.1                                          ,8/9/2021,,CERUTI.1
2095 4E,CERUTI.1                                          ,8/9/2021,,CERUTI.1
7281 1A,CERUTI.5,8/10/2021,,CERUTI.5
5132 5O,CERUTI.3                                          ,8/10/2021,,CERUTI.3
5312 4J,CERUTI.3                                          ,8/11/2021,,CERUTI.3
5311 4L,CERUTI.3                                          ,8/11/2021,,CERUTI.3
3109A 1D,CERUTI.2                                          ,8/14/2021,,CERUTI.2
7802 0A,CERUTI.1                                          ,8/16/2021,,CERUTI.1
5296A 1C,CERUTI.2                                          ,8/17/2021,,CERUTI.2
6056 0F,CERUTI.2                                          ,8/18/2021,,CERUTI.2
7739A 0A,CERUTI.1                                          ,8/18/2021,,CERUTI.1
7821 0A,CERUTI.3                                          ,8/18/2021,,CERUTI.3
6045A 4B,CERUTI.5,8/18/2021,,CERUTI.5
7834 0A,CERUTI.1                                          ,8/18/2021,,CERUTI.1
6438 0A,CERUTI.1                                          ,8/19/2021,,CERUTI.1
5714 3D,CERUTI.3                                          ,8/19/2021,,CERUTI.3
6282 0A,CERUTI.2                                          ,8/19/2021,,CERUTI.2
7872 0A,CERUTI.2                                          ,8/20/2021,,CERUTI.2
7877 0A,CERUTI.3                                          ,8/20/2021,,CERUTI.3
7862 0A,CERUTI.1                                          ,8/20/2021,,CERUTI.1
7863 0A,CERUTI.1                                          ,8/20/2021,,CERUTI.1
7876 0A,CERUTI.2                                          ,8/20/2021,,CERUTI.2
5868 2E,CERUTI.1                                          ,8/21/2021,,CERUTI.1
1173A 9G,CERUTI.1                                          ,8/21/2021,,CERUTI.1
5142 21U,CERUTI.3                                          ,8/22/2021,,CERUTI.3
4723 0E,CERUTI.2                                          ,8/22/2021,,CERUTI.2
4721 0D,CERUTI.2                                          ,8/22/2021,,CERUTI.2
4725 0D,CERUTI.2                                          ,8/22/2021,,CERUTI.2
4724 1G,CERUTI.2                                          ,8/22/2021,,CERUTI.2
6743 1C,CERUTI.2                                          ,8/23/2021,,CERUTI.2
7843 0A,CERUTI.1                                          ,8/23/2021,,CERUTI.1
4525 3H,CERUTI.3                                          ,8/23/2021,,CERUTI.3
2803 9T,CERUTI.5,8/23/2021,,CERUTI.5
5298 2F,CERUTI.2                                          ,8/23/2021,,CERUTI.2
5373 3F,CERUTI.2                                          ,8/23/2021,,CERUTI.2
1635 5J,CERUTI.3                                          ,8/24/2021,,CERUTI.3
7405 0D,CERUTI.3                                          ,8/24/2021,,CERUTI.3
4523 3D,CERUTI.1                                          ,8/24/2021,,CERUTI.1
7837 0A,CERUTI.2                                          ,8/24/2021,,CERUTI.2
7836 0A,CERUTI.1                                          ,8/24/2021,,CERUTI.1
6995 0C,CERUTI.3                                          ,8/24/2021,,CERUTI.3
7664 0B,CERUTI.1                                          ,8/24/2021,,CERUTI.1
6993 0C,CERUTI.3                                          ,8/25/2021,,CERUTI.3
7853 0A,CERUTI.2                                          ,8/25/2021,,CERUTI.2
2580 8S,CERUTI.1                                          ,8/25/2021,,CERUTI.1
2750A 7T,CERUTI.3                                          ,8/25/2021,,CERUTI.3
6666 1G,CERUTI.3                                          ,8/26/2021,,CERUTI.3
6994 0C,CERUTI.3                                          ,8/26/2021,,CERUTI.3
5409A 1E,CERUTI.1                                          ,8/27/2021,,CERUTI.1
6996 0C,CERUTI.3                                          ,8/27/2021,,CERUTI.3
7702 0A,CERUTI.1                                          ,8/27/2021,,CERUTI.1
7489 1C,CERUTI.3                                          ,8/27/2021,,CERUTI.3
6270 0A,CERUTI.1                                          ,8/28/2021,,CERUTI.1
5027 2C,CERUTI.1                                          ,8/29/2021,,CERUTI.1
7841 0A,CERUTI.3                                          ,8/30/2021,,CERUTI.3
7861 0A,CERUTI.1                                          ,8/30/2021,,CERUTI.1
7307 0C,CERUTI.3                                          ,8/31/2021,,CERUTI.3
7875 0A,CERUTI.3                                          ,8/31/2021,,CERUTI.3
5865 2C,CERUTI.2                                          ,8/31/2021,,CERUTI.2
7873 0A,CERUTI.3                                          ,8/31/2021,,CERUTI.3
6281 0A,CERUTI.2                                          ,8/31/2021,,CERUTI.2
3977 2J,CERUTI.1                                          ,8/31/2021,,CERUTI.1
6742 0B,CERUTI.2                                          ,9/1/2021,,CERUTI.2
5858 1B,CERUTI.2                                          ,9/1/2021,,CERUTI.2
7509 1D,CERUTI.1                                          ,9/1/2021,,CERUTI.1
3698 9N,CERUTI.5,9/1/2021,,CERUTI.5
6286 1B,CERUTI.2                                          ,9/1/2021,,CERUTI.2
6611 2C,CERUTI.1                                          ,9/2/2021,,CERUTI.1
7166 0A,CERUTI.2                                          ,9/2/2021,,CERUTI.2
7050 0A,CERUTI.2                                          ,9/2/2021,,CERUTI.2
3523 3E,CERUTI.3                                          ,9/3/2021,,CERUTI.3
2782 7K,CERUTI.1                                          ,9/3/2021,,CERUTI.1
7130 0A,CERUTI.1                                          ,9/3/2021,,CERUTI.1
7128 0A,CERUTI.1                                          ,9/4/2021,,CERUTI.1
6339 1H,CERUTI.5,9/4/2021,,CERUTI.5
3978 2J,CERUTI.2                                          ,9/4/2021,,CERUTI.2
7536 0B,CERUTI.1                                          ,9/4/2021,,CERUTI.1
6247 2G,CERUTI.3                                          ,9/4/2021,,CERUTI.3
6838 1C,CERUTI.2                                          ,9/4/2021,,CERUTI.2
5951 1B,CERUTI.2                                          ,9/5/2021,,CERUTI.2
3084 3I,CERUTI.1                                          ,9/5/2021,,CERUTI.1
6246 2H,CERUTI.3                                          ,9/5/2021,,CERUTI.3
5620 1C,CERUTI.1                                          ,9/5/2021,,CERUTI.1
6931 0A,CERUTI.3                                          ,9/5/2021,,CERUTI.3
3634 3K,CERUTI.1                                          ,9/5/2021,,CERUTI.1
4818 2E,CERUTI.1                                          ,9/6/2021,,CERUTI.1
2499 3F,CERUTI.2                                          ,9/6/2021,,CERUTI.2
7090 0A,CERUTI.1                                          ,9/6/2021,,CERUTI.1
7091 0A,CERUTI.1                                          ,9/6/2021,,CERUTI.1
4521 3H,CERUTI.1                                          ,9/6/2021,,CERUTI.1
5868 2F,CERUTI.1                                          ,9/6/2021,,CERUTI.1
5887 4H,CERUTI.1                                          ,9/6/2021,,CERUTI.1
7881 0A,CERUTI.1                                          ,9/6/2021,,CERUTI.1
2859 6G,CERUTI.1                                          ,9/6/2021,,CERUTI.1
3932A 0D,CERUTI.1                                          ,9/6/2021,,CERUTI.1
7822 0A,CERUTI.1                                          ,9/6/2021,,CERUTI.1
7306 0A,CERUTI.1                                          ,9/6/2021,,CERUTI.1
7834 1A,CERUTI.1                                          ,9/6/2021,,CERUTI.1
7835 1A,CERUTI.1                                          ,9/6/2021,,CERUTI.1
7668 0C,CERUTI.1                                          ,9/6/2021,,CERUTI.1
3979 3J,CERUTI.1                                          ,9/6/2021,,CERUTI.1
1200 4I,CERUTI.2                                          ,9/6/2021,,CERUTI.2
7050 0C,CERUTI.2                                          ,9/6/2021,,CERUTI.2
5293 2G,CERUTI.2                                          ,9/6/2021,,CERUTI.2
7607 0A,CERUTI.2                                          ,9/6/2021,,CERUTI.2
5259 2E,CERUTI.2                                          ,9/6/2021,,CERUTI.2
5261 2D,CERUTI.2                                          ,9/6/2021,,CERUTI.2
7142 0B,CERUTI.2                                          ,9/6/2021,,CERUTI.2
4285 3F,CERUTI.2                                          ,9/6/2021,,CERUTI.2
7791 1B,CERUTI.3                                          ,9/8/2021,,CERUTI.3
5622 1C,CERUTI.2                                          ,9/6/2021,,CERUTI.2
7595 1B,CERUTI.3                                          ,9/7/2021,,CERUTI.3
7851 0A,CERUTI.2                                          ,9/7/2021,,CERUTI.2
7850 0A,CERUTI.2                                          ,9/7/2021,,CERUTI.2
6071 1B,CERUTI.2                                          ,9/7/2021,,CERUTI.2
3543 8Q,CERUTI.3                                          ,9/7/2021,,CERUTI.3
6930 0A,CERUTI.3                                          ,9/7/2021,,CERUTI.3
6943 0A,CERUTI.3                                          ,9/7/2021,,CERUTI.3
6506 1E,CERUTI.3                                          ,9/7/2021,,CERUTI.3
7819 0A,CERUTI.1                                          ,9/7/2021,,CERUTI.1
6783 1B,CERUTI.3                                          ,9/7/2021,,CERUTI.3
7789 1B,CERUTI.3                                          ,9/7/2021,,CERUTI.3
7842 0B,CERUTI.3                                          ,9/7/2021,,CERUTI.3
6601 1F,CERUTI.3                                          ,9/7/2021,,CERUTI.3
1701 11P,CERUTI.5,9/7/2021,,CERUTI.5
6787 0A,CERUTI.3                                          ,9/7/2021,,CERUTI.3
6837 0C,CERUTI.3                                          ,9/7/2021,,CERUTI.3
5575 2C,CERUTI.3                                          ,9/7/2021,,CERUTI.3
6002 1G,CERUTI.3                                          ,9/7/2021,,CERUTI.3
1736 5G,CERUTI.3                                          ,9/7/2021,,CERUTI.3
1633 5I,CERUTI.3                                          ,9/7/2021,,CERUTI.3
6718 0C,CERUTI.2                                          ,9/9/2021,,CERUTI.2
5976 1D,CERUTI.3                                          ,9/7/2021,,CERUTI.3
5587 1B,CERUTI.1                                          ,9/8/2021,,CERUTI.1
7470 1B,CERUTI.1                                          ,9/8/2021,,CERUTI.1
7893 0A,CERUTI.1                                          ,9/8/2021,,CERUTI.1
4522 3H,CERUTI.1                                          ,9/8/2021,,CERUTI.1
1748 5I,CERUTI.1                                          ,9/8/2021,,CERUTI.1
1735 6J,CERUTI.1                                          ,9/8/2021,,CERUTI.1
7838 0A,CERUTI.1                                          ,9/8/2021,,CERUTI.1
7930 0A,CERUTI.1                                          ,9/8/2021,,CERUTI.1
5661 5F,CERUTI.1                                          ,9/8/2021,,CERUTI.1
1492 12M,CERUTI.1                                          ,9/8/2021,,CERUTI.1
7904 0A,CERUTI.1                                          ,9/8/2021,,CERUTI.1
0272A 8H,CERUTI.1                                          ,9/8/2021,,CERUTI.1
2574 5I,CERUTI.1                                          ,9/8/2021,,CERUTI.1
6573 0E,CERUTI.1                                          ,9/8/2021,,CERUTI.1
4645 4E,CERUTI.1                                          ,9/8/2021,,CERUTI.1
4803 2F,CERUTI.1                                          ,9/8/2021,,CERUTI.1
7396 0A,CERUTI.1                                          ,9/8/2021,,CERUTI.1
6776 1B,CERUTI.1                                          ,9/8/2021,,CERUTI.1
7912 0B,CERUTI.1                                          ,9/8/2021,,CERUTI.1
6590 2B,CERUTI.1                                          ,9/8/2021,,CERUTI.1
3798 3E,CERUTI.1                                          ,9/8/2021,,CERUTI.1
7909 0A,CERUTI.1                                          ,9/8/2021,,CERUTI.1
7927 0A,CERUTI.1                                          ,9/8/2021,,CERUTI.1
3976 2J,CERUTI.1                                          ,9/8/2021,,CERUTI.1
2680 5H,CERUTI.1                                          ,9/8/2021,,CERUTI.1
7933 0A,CERUTI.1                                          ,9/8/2021,,CERUTI.1
7934 0A,CERUTI.1                                          ,9/8/2021,,CERUTI.1
3113 4F,CERUTI.1                                          ,9/8/2021,,CERUTI.1
3975 4E,CERUTI.1                                          ,9/8/2021,,CERUTI.1
2239 1E,CERUTI.1                                          ,9/8/2021,,CERUTI.1
5958 0E,CERUTI.1                                          ,9/8/2021,,CERUTI.1
5415 2I,CERUTI.1                                          ,9/8/2021,,CERUTI.1
7258 0A,CERUTI.1                                          ,9/8/2021,,CERUTI.1
7903 0A,CERUTI.2                                          ,9/8/2021,,CERUTI.2
7891 0A,CERUTI.1                                          ,9/8/2021,,CERUTI.1
7187 0B,CERUTI.2                                          ,9/8/2021,,CERUTI.2
6768 0E,CERUTI.2                                          ,9/8/2021,,CERUTI.2
7929 0A,CERUTI.2                                          ,9/8/2021,,CERUTI.2
7931 0A,CERUTI.2                                          ,9/8/2021,,CERUTI.2
5354 2D,CERUTI.2                                          ,9/8/2021,,CERUTI.2
5353 2D,CERUTI.2                                          ,9/8/2021,,CERUTI.2
5260 2E,CERUTI.2                                          ,9/8/2021,,CERUTI.2
5207 1B,CERUTI.2                                          ,9/9/2021,,CERUTI.2
5598 0B,CERUTI.2                                          ,9/9/2021,,CERUTI.2
3050 2D,CERUTI.2                                          ,9/9/2021,,CERUTI.2
6101 1D,CERUTI.2                                          ,9/9/2021,,CERUTI.2
5498 2D,CERUTI.2                                          ,9/9/2021,,CERUTI.2
4613 4J,CERUTI.2                                          ,9/9/2021,,CERUTI.2
5294 1F,CERUTI.2                                          ,9/9/2021,,CERUTI.2
5385 1F,CERUTI.2                                          ,9/9/2021,,CERUTI.2
5297 2G,CERUTI.2                                          ,9/9/2021,,CERUTI.2
2840 6M,CERUTI.2                                          ,9/9/2021,,CERUTI.2
4804 2F,CERUTI.2                                          ,9/9/2021,,CERUTI.2
7916 0B,CERUTI.2                                          ,9/9/2021,,CERUTI.2
7906 0A,CERUTI.2                                          ,9/9/2021,,CERUTI.2
2223 4G,CERUTI.2                                          ,9/9/2021,,CERUTI.2
7814 0A,CERUTI.2                                          ,9/9/2021,,CERUTI.2
3799 8M,CERUTI.2                                          ,9/9/2021,,CERUTI.2
7320A 0A,CERUTI.2                                          ,9/9/2021,,CERUTI.2
7448 1B,CERUTI.2                                          ,9/9/2021,,CERUTI.2
6963 1D,CERUTI.2                                          ,9/9/2021,,CERUTI.2
6962 1D,CERUTI.2                                          ,9/9/2021,,CERUTI.2
4140 2G,CERUTI.2                                          ,9/9/2021,,CERUTI.2
6475 0D,CERUTI.2                                          ,9/9/2021,,CERUTI.2
6474 0D,CERUTI.2                                          ,9/9/2021,,CERUTI.2
4174A 1E,CERUTI.2                                          ,9/9/2021,,CERUTI.2
2796 5E,CERUTI.2                                          ,9/9/2021,,CERUTI.2
5723 0C,CERUTI.2                                          ,9/9/2021,,CERUTI.2
7910 0A,CERUTI.3                                          ,9/9/2021,,CERUTI.3
7887 0A,CERUTI.3                                          ,9/9/2021,,CERUTI.3
7888 0A,CERUTI.3                                          ,9/9/2021,,CERUTI.3
7439 0A,CERUTI.3                                          ,9/9/2021,,CERUTI.3
7890 0A,CERUTI.3                                          ,9/9/2021,,CERUTI.3
7894 0A,CERUTI.3                                          ,9/9/2021,,CERUTI.3
7896 0A,CERUTI.3                                          ,9/9/2021,,CERUTI.3
7897 0A,CERUTI.3                                          ,9/9/2021,,CERUTI.3
7874 0A,CERUTI.3                                          ,9/9/2021,,CERUTI.3
7889 0A,CERUTI.3                                          ,9/9/2021,,CERUTI.3
7836 0B,HELIOSTAR 1                                       ,9/9/2021,,HELIOSTAR 1
7148 1C,CERUTI.3                                          ,9/9/2021,,CERUTI.3
7790 1B,CERUTI.3                                          ,9/9/2021,,CERUTI.3
6757 1B,CERUTI.3                                          ,9/9/2021,,CERUTI.3
7919 0A,CERUTI.3                                          ,9/9/2021,,CERUTI.3
5931 0B,CERUTI.3                                          ,9/9/2021,,CERUTI.3
7895 0A,CERUTI.3                                          ,9/9/2021,,CERUTI.3
7168A 1C,CERUTI.3                                          ,9/9/2021,,CERUTI.3
4320 1G,CERUTI.5,9/9/2021,,CERUTI.5
5906 1I,CERUTI.5,9/9/2021,,CERUTI.5
7201 1D,CERUTI.5,9/10/2021,,CERUTI.5
4525 0D,CERUTI.2                                          ,9/13/2021,,CERUTI.2
