Artikel,JmlhWrna,JnsCtk,JnsBhn,Tebal (mic),Lebar (mm)
DJARUM SUPER 12 EURO 2021                         ,8,REVERSE,OPP,20,970
67930308 ROLL ROYCO SALTED EGG 22G MSPK NEW       ,7,SURFACE,PET,12,1150
SWEETENED CONDENSED MILK TOPSAHO 30 GR AFRIKA     ,7,REVERSE,PET-G,12,1170
ROLL SWTR DIABTX 1020MM 87146-1304-602            ,6,REVERSE,PET,12,1045
14011708/23010968-STP SKL W&B 750ML HLL           ,7,REVERSE,PET,12,1000
KTG SP 280 ALOEVERA PEACH NEW                     ,7,REVERSE,NY-01,15,750
CAFFINO MOCCA 20GRX10 OUTERPOUCH E-KARIP NEW      ,7,SURFACE,PET-G,12,1120
KUSUKA 60GR RASA BARBEQUE NEW                     ,7,REVERSE,PET-G,12,1050
CAFFINO CHONUT 20GRX10 OUTERPOUCH E-KARIP NEW     ,8,SURFACE,PET-G,12,1120
MARIMAS MANGGA 7GR MLT MAY'23                     ,8,REVERSE,PET,12,935
CAFFINO CHONUT 20GR E-KARIP NEW                   ,8,SURFACE,PET-G,12,1120
EDO PIZZA BASE 120G (ND2019-0313096)              ,7,REVERSE,OPP - G,20,810
1FK004070 FOIL KOMIX JERUK NIPIS NEW              ,8,REVERSE,PET-G,12,1130
68481222 WRP PADDLE POP CHOCO LAVA 55ML           ,5,REVERSE,OPP - G,18,1120
AL.FOIL MAXTEA TARIKK 25G (L-8)                   ,7,REVERSE,OPP MATTE,20,1170
44121230 PB MILO ACTIVGO 3IN1 10X35G              ,7,REVERSE,OPP - G,20,990
CAFFINO CLASSIC 20GR E-KARIP NEW                  ,8,SURFACE,PET-G,12,1120
ROLL SAUS SAMBAL CHILI CAS 6 UP ND 1500M          ,4,REVERSE,PET,12,990
44121231 PB MILO ACTIVGO 3IN1 20X35G              ,7,REVERSE,OPP,20,1070
CHOCOLATE CONDENSED MILK TOPSAHO 30 GR AFRIKA     ,8,REVERSE,PET-G,12,1170
1FK002070 FOIL KOMIX RASA JAHE NEW                ,7,REVERSE,PET-G,12,1130
BERAS MAKNYUSS 5 KG KEDIRI                        ,8,REVERSE,NY-01,15,950
LADAKU 3GR 15/03/24 DRY-DRY MLT                   ,8,SURFACE,PET-G,12,840
ROLL SWTR DIABTX 1004MM 87146-1303-603            ,6,REVERSE,PET,12,1045
STD POUCH MCLEWIS THOUSAND ISLAND 1KG             ,7,REVERSE,PET,12,1080
BAG K22 DAHLIA NEW PITCH                          ,8,REVERSE,OPP,20,950
KNGS-K-007-EX-SC-003(KONIMAG EXPORT)              ,5,REVERSE,PET,12,1110
MA 9GR MOJOKERTO - 122002472                      ,7,REVERSE,OPP - G,18,1130
90107002 POUCH SUPERINDO DISHWASHING LIME 800ML ND,6,REVERSE,NY-01,15,1010
RADIX BLACK KOPI 20'S OUTER NEW                   ,7,REVERSE,OPP-G,20,1230
44119377 MAGIC LEZAT POLYBAG 6 X 7G               ,3,REVERSE,OPP,20,1030
"DESAKU BUBUK KUNYIT 7,5GR (DRY-DRY)               ",7,REVERSE,PET-G,12,1020
ROLL SM BOLU COKLAT 10G                           ,8,REVERSE,PET,12,1150
ROLL SM BOLU PANDAN 10G                           ,8,REVERSE,PET-G,12,1150
STD PCH CHENNAI JANNAH GOAT MILK BODYWASH 450ML   ,8,REVERSE,NY-01,15,1080
MARIMAS KELAPA MUDA 7GR SINGLELINE NEW DESIGN     ,8,REVERSE,PET-G,12,930
107260 SACHET MAYO 100GR 3UP KURANG LEMAK         ,8,REVERSE,PET-G,12,1110
POUCH INDOMART PEWANGI PAKAIAN 900ML              ,8,REVERSE,PET,12,1040
MARIMAS COCOPANDAN 7GR SINGLELINE                 ,8,REVERSE,PET-G,12,930
SG NUGGET PEDAS 500G LD60 (PCS1NS500)             ,8,REVERSE,NY-01,15,960
POUCH BARCO 1L (NEW)                              ,6,REVERSE,NY-01,15,1140
BAG BERAS SPECIAL WHITE RICE 5KG                  ,7,REVERSE,NY-01,15,950
POUCH KUACI REBO MILK 150GR                       ,8,REVERSE,OPP MATTE,20,1170
GGWF-CO-K-102-RL-001(GETGIT COKLAT 102G)          ,7,REVERSE,PET,12,990
GGWF-CO-K-042-RL-002(GETGIT CHOC 42G)R2           ,7,REVERSE,PET-G,12,960
GGWF-KE-K-102-RL-001(GETGIT KEJU 102G)            ,7,REVERSE,PET-G,12,990
68339571 ROLL LIFEBUOY LEMON FRESH 250ML ND       ,9,REVERSE,PET-G,12,930
GGWF-KE-K-042-RL-002(GETGIT KEJU 42G)-R2          ,7,REVERSE,PET-G,12,960
STD POUCH MAMAMIA 500ML 5C                        ,5,REVERSE,NY-01,15,860
NESTLE HONEYSTARS CP32 GR PEEL OFF #43825425      ,7,REVERSE,NYLON,15,830
15002676 BAG SAUSAGE CHICKEN HOT & SPICY 300G     ,8,REVERSE,NY-01,15,840
67821725 WRAPPER WALLS SWEET CORN STICK 98M       ,5,SURFACE,OPP PEARLIZE,35,980
NANX-BL-K-050-ML-SK-001(NANO STRFRT MY SAK)       ,6,REVERSE,OPP - G,20,930
PCH10 GJH TM 25GR E-12L                           ,8,SURFACE,PET-G,12,1070
SACHET SAUCE CFC 6 UP                             ,6,REVERSE,PET-G,12,985
PLS GJH TM 25GR E-12L                             ,8,SURFACE,PET-G,12,1240
BAVARI CHICKEN SAUSAGE 1KG (LLDPE70)              ,7,REVERSE,NYLON,15,840
ZAFIRA MINYAK GORENG STP 400ML                    ,6,REVERSE,NY-01,15,970
ROLL NUTRISARI APEL JERUK 11GR (ND)               ,6,REVERSE,PET-G,12,940
PCH20 GJH TA 7GR E-12L                            ,8,SURFACE,PET-G,12,1070
PLS GJH TA 150GR E-12L                            ,8,SURFACE,PET-G,12,1020
LMNT DETOL ID BW LSTFRS 250G JM(3094268)          ,8,REVERSE,NYLON,15,860
POLYCELLO OVALTINE LOKAL 30 GR (NEW TEKS)         ,7,REVERSE,PET,12,1150
68461474 ROLL WRP PP MILKY DUO 36ML REV DES       ,6,SURFACE,OPP PEARLIZE,35,1020
ROLL INNER GINGER CHEWS NEW SPEC                  ,6,REVERSE,PET,12,1170
68154712 ROLL ROYCO KALDU JAMUR 170G              ,8,SURFACE,PET-G,12,1170
5 DAYS CROISSANT CREAMY CHEESE 60GR NEW BARCODE   ,8,SURFACE,PET-G,12,840
KEMASAN SACHET ORANGE 200 G NEW DESIGN            ,7,REVERSE,PET,12,990
ROLL TP ROTI WHITE 100 (6027868)                  ,8,REVERSE,OPP - G,20,960
6031543 ROLL TP PISANG VANILA 70GR                ,8,SURFACE,PET-G,12,1120
BAG K330 DAHLIA NEW KEMENKES                      ,8,REVERSE,OPP,20,900
6031554 ROLL TP PISANG VANILA 210GR               ,8,SURFACE,PET-G,12,1020
6028798 ROLL LADA BUBUK 2 GR NON PROMO            ,7,REVERSE,PET-G,12,1070
LMNT DETTOL ID BW COOL 250G JM(3181851)           ,8,REVERSE,NY-01,15,860
PLS GJH TM 24GR (R1)                              ,8,REVERSE,PET-G,12,1240
NANX-KJ-K-050-ML-SK-001(NANO ORANGE MY SAK)       ,6,REVERSE,OPP - G,20,880
NANX-PL-K-050-ML-SK-001(NANO PLUM MY SAK)         ,6,REVERSE,OPP,20,880
CPP 4199 TRANSPARENT                              ,2,SURFACE,CPP-G,30,770
KUSUKA 20GR RASA CHEESE BURGER                    ,7,REVERSE,PET-G,12,930
PF TBS ORIGINAL 225G (ML6000M-FORTIFIED)-421001309,8,REVERSE,OPP-G,20,1270
C06665 AL FOIL SAMS 8GR 12UP NONSPLIT             ,7,REVERSE,PET-G,9,960
C06660 AL FOIL EP 8GR 12UP NONSPLIT               ,7,REVERSE,PET-G,9,960
NANX-BL-K-005-ML-SC-001(NANO STRFRT MY SCH)       ,6,REVERSE,OPP,20,1020
NANX-PL-K-005-ML-SC-001(NANO PLUM MY SCH)         ,6,REVERSE,OPP,20,1020
C06694 POUCH EP 75 GR                             ,7,REVERSE,PET,12,1090
NANX-KJ-K-005-ML-SC-001(NANO ORANGE MY SCH)       ,6,REVERSE,OPP,25,1020
ROLL SACHET HOKBEN CHILI 6LINE                    ,5,REVERSE,PET-G,12,990
2000234 NESTLE MILO CHOCOMALT 960G                ,7,REVERSE,PET-G,12,870
MARIMAS JERUK 7GR MLT MAY'23                      ,8,REVERSE,PET-G,12,935
MA 250GR KARAWANG - 122002540                     ,7,REVERSE,PET-G,12,1170
BAG BERAS ANAK RAJA 2KG                           ,1,REVERSE,NY-01,15,800
KTG SP 360 LYCHEE ND 4000519                      ,8,REVERSE,NY-01,15,770
LMNT DETOL GR LHW GRAP500ML(3151251)SPOT          ,8,REVERSE,PET-G,12,1020
C06722 AL FOIL TOM 8GR 12UP                       ,7,REVERSE,PET-G,9,960
C06661 AL FOIL SAM EP 18GR 8UP                    ,7,REVERSE,PET-G,9,1120
DAHLIA K316 LEMON (AY)                            ,8,REVERSE,PET-G,12,750
C06723 AL FOIL TOM 8GR 12UP NONSPLIT              ,7,REVERSE,PET,9,960
67571542 ROLL ROYCO AYAM JAYA UNICODE             ,8,REVERSE,PET-G,9,1170
67571545 ROLL ROYCO SAPI 1KG UNICODE REV BPOM     ,8,REVERSE,PET-G,9,1170
KTG SP 360 STRAWBERRY ND 4000021                  ,8,REVERSE,NY-01,15,770
6029045 ROLL INNER TERASI CITRA REV               ,7,REVERSE,OPP - G,20,1150
BAG FANCY 9 STAR RATED HERBAL 450GR               ,7,REVERSE,OPP - G,20,1060
C06666 AL FOIL SAMS 18GR 8UP                      ,7,REVERSE,PET-G,9,1120
C06657 AL FOIL EP 8GR 6UP                         ,7,REVERSE,PET-G,9,960
WOODS LEMON ZIPLOCK-CH0285                        ,8,SURFACE,PET,12,940
6028666 ROLL INNER TERASI MAMA SUKA 4GR SELOK REV ,7,REVERSE,OPP - G,20,1150
6031545 ROLL TPG BUMBU KRISPI SERBAGUNA 70GR      ,8,REVERSE,PET,12,1120
AL.FOIL INDOCAFE CMIX RICH&STRONG 27GR (L-0)      ,8,REVERSE,OPP-G,20,1170
C06658 AL FOIL EP 8GR 12UP                        ,7,REVERSE,PET-G,9,960
ROLL MADU TJ ORIGINAL MULTILINE ND                ,7,REVERSE,PET-G,12,990
ROLL CUCU POP EXOTIC 9G                           ,5,REVERSE,OPP - G,20,900
68411996 ROLL ROYCO BEEF 9G 6L BVI ALU6 2000M     ,4,REVERSE,PET-G,9,985
1FE001000 FOIL EXTRA JOSS ACTIVE EXP              ,7,REVERSE,PET-G,12,760
14011346/23010439-STP SKPL APPLE 70ML 20          ,6,REVERSE,PET-G,12,1110
14011349/23010441-STP SKPL ROSE 70ML 20           ,6,REVERSE,PET-G,12,1110
ALU M+SUSU ORI 15MIC 1018 NEW SOSMED              ,5,REVERSE,PET,12,880
BAG BERAS CAP DAUN HJ SENDOK MAS 5KG NEW SIZE     ,3,REVERSE,NY-01,15,950
CHLT-K-019-BA-RL-001(CHLT BLACK ENDLESS)          ,1,REVERSE,PET-G,12,1070
CHLT-K-019-RE-RL-001(CHLT RED ENDLESS)            ,1,REVERSE,PET-G,12,1070
BAG BERAS SLYP RANTE MAS 5KG NEW SIZE             ,4,REVERSE,NY-01,15,950
STD POUCH BBQ 310GR                               ,6,REVERSE,PET-G,12,1020
BAG BERAS BUNGA PANDAN 5KG                        ,6,REVERSE,NY-01,15,950
44081003 MILO POLYBAG 4 X 22G                     ,7,REVERSE,OPP,20,930
68558392 ROLL ROYCO CHICKEN 8G PICO 2000M         ,4,REVERSE,PET-G,9,985
ROLL ROCKET CHICKEN CHILI 6 LINE 1500M            ,5,REVERSE,PET-G,12,990
68504800 ROLL LIPTON CHAI LATTE VANILLA 23G       ,7,REVERSE,PET-G,12,1050
SG CHICKEN NUGGET VEGETABLES 500G - PCS1NV500     ,8,REVERSE,NY-01,15,960
STD PCH SHILOW PEMBERSIH PIRING 400ML             ,7,REVERSE,NY-01,15,970
STD PCH SHILLOW DETERGEN CAIR 400ML               ,7,REVERSE,NY-01,15,970
MA 9GR KARAWANG - 122002537                       ,7,REVERSE,OPP-G,18,1130
6028799 ROLL BB SOP 5GR                           ,7,REVERSE,PET-G,12,990
2000140 FOX'S CHERRY MINTS 2.5G                   ,5,REVERSE,PET,12,930
2000139 FOX'S BARLEY MINTS 2.5G                   ,5,REVERSE,PET-G,12,930
6027650 STD POUCH MAYONAISE 1KG                   ,8,REVERSE,NY-01,15,1120
FRESHGO LOVELY YELLOW INNER BAG 8C                ,8,REVERSE,PET-G,12,930
MAGIC VANILLA IM1 31 DES 2023                     ,5,REVERSE,OPP - G,20,960
14009806/23010279-ROL RAPIKA 400 PINK-R2          ,8,REVERSE,PET-G,12,990
6027651 STD POUCH SALAD DRESSING 1KG              ,8,REVERSE,NY-01,15,1120
14010329/23010364-STP RPK SKR STRW 400ML          ,8,REVERSE,PET-G,12,840
6027579 STD POUCH KOPI GINSENG ND                 ,8,REVERSE,PET-G,12,1120
JOLIN 450ML STD. POUCH                            ,6,REVERSE,NY-01,15,1080
BAG FROZEN PERFECTIO SOSIS VAKUM 500 GR KOMBINASI ,6,REVERSE,NY-01,15,1010
PF POLYBAG ASLI 9G (3000M - NEW MD) - 421001411   ,7,REVERSE,OPP,20,1110
15002677 BAG SOGOOD CHICKEN SAUSAGE GARLIC 300G   ,8,REVERSE,NY-01,15,840
68415395 WRP PP CHOCO MAGMA 50ML RL2              ,6,SURFACE,OPP PEARLIZE,30,970
6031631 STP SAUS TOPOKKI 100GR ORIGINAL           ,7,REVERSE,NY-01,15,770
OATBITS STRAWBERRY & YOGHURT 110GR NEW*           ,7,REVERSE,OPP,20,1060
BAG RELAXA PLAY SPIDERMAN 40GR                    ,8,REVERSE,PET-G,12,1175
BAG RELAXA PLAY AVENGER 40GR                      ,8,REVERSE,PET-G,12,1170
POLYROLL PFESE001                                 ,8,REVERSE,PET,12,925
PM00012016 BAG WIP MYB 75 AB ROLL                 ,7,REVERSE,OPP - G,20,960
PB-051802 STP SAUS TOMAT DUA BELIBIS 1KG NEW      ,6,REVERSE,PET-G,12,1120
DAHLIA K31 FLORAL (BAG K31 FL)                    ,8,REVERSE,PET-G,12,1050
LID 240 CHEERS NATURAL INDOTIRTA (ISA) JKT QR CODE,5,REVERSE,PET-G,12,1120
TEPUNG TAPIOKA BOLA DELI 500GR QR CODE            ,7,REVERSE,PET-G,12,1050
STD POUCH KALISERAYOE 900 ML                      ,8,REVERSE,NY-01,15,1040
STD POUCH KALISERAYOE 2 L                         ,8,REVERSE,PET-G,12,1240
2000339 KRIZZI STRAWBERRY 55G                     ,8,REVERSE,PET,12,1070
2000318 KRIZZI COKLAT 55G                         ,8,REVERSE,PET,12,1070
P0004444 P.ROLL GOYA CHOCO KRESS 10GR             ,7,REVERSE,PET-G,12,1080
"STD POUCH KALISERAYOE 1,8 L                       ",8,REVERSE,PET-G,12,1195
STD POUCH KALISERAYOE 1 L                         ,8,REVERSE,NY-01,15,1120
PAID SAMPLE BLANK DESIGN KRISPI PUFF ROLL FLM     ,1,REVERSE,OPP MATTE,20,1050
POUCH KISPRAY GOLD 300ML # KPPG02502              ,7,REVERSE,PET-G,12,1000
ROLL SACHET LABBAIK SAMBAL CHILI 2UP              ,6,REVERSE,PET-G,12,990
6027582 STP PASTA BOLOGNESE 315GR                 ,6,REVERSE,PET-G,12,1020
ROLL KUAH BAKSO 8GR MULTI 5 (6027889)             ,7,REVERSE,PET-G,12,860
PF TBW 90 (ML5-6000M/FORTIFIED) - 421001393       ,8,SURFACE,OPP-G,20,1180
ROLL BUMBU INSTANT OPOR 16G ND                    ,8,REVERSE,PET-G,12,930
ROLL BUMBU INSTANT GULAI 25G ND                   ,8,REVERSE,PET-G,12,930
ROLL BUMBU INSTANT RENDANG 25GR ND                ,8,REVERSE,PET-G,12,930
I07285 SAMBAL PIZZA HUT 25 GR ND                  ,4,REVERSE,PET-G,12,990
I07284 SACHET PIZZA HUT CHILI 8GR 6UP CILEUNGSI   ,4,REVERSE,PET-G,12,990
PLS GJH TA 150GR (R1)                             ,8,SURFACE,PET-G,12,1020
MARIMAS COCOPANDAN 7GR MLT MAY'23                 ,8,REVERSE,PET,12,935
6032216 ROLL BON NORI 5GR EBI                     ,7,REVERSE,PET,12,985
14009808/23009882-ROL RAPIKA 400 UNGU-R2          ,8,REVERSE,PET,12,990
KUSUKA 180GR RASA RUMPUT LAUT                     ,7,REVERSE,PET,12,990
6029803 ROLL OUTER NORI SALTED EGG COVID 19       ,5,REVERSE,OPP - G,20,1170
68614762 RL RAN PWD 460GR CLASSIC INV             ,7,REVERSE,PET-G,9,1230
6032218 STP + ZIPPER BON NORI EXTRA PEDAS 60GR    ,7,REVERSE,PET-G,12,985
CAFFINO KOPI LATTE CHOCO HAZELNUT 20GR DRY        ,8,SURFACE,PET-G,12,1120
6032215 ROLL BON NORI 5GR EXTRA PEDAS             ,7,REVERSE,PET,12,985
ROLL BUMBU INSTANT SOTO AYAM 20GR ND              ,8,REVERSE,PET,12,930
SELFIE MINYAK GORENG SAWIT 1000ML LD130           ,8,REVERSE,NY-01,15,1120
ROLL ROCKET CHICKEN TOMATO 6 LINE 1500M           ,5,REVERSE,PET,12,990
LID 220 8 LINE FONTAQUA                           ,4,REVERSE,PET,12,750
BAG FANCY GOLD FOOD SEAWEEDS 450G                 ,7,REVERSE,OPP - G,20,1060
SHAKTI MAN 80WP 1 KG                              ,8,REVERSE,PET-G,12,1120
PLASTIK POUCH MINYAK SAWIT SUPERINDO365 2000 ML   ,8,REVERSE,PET-G,12,1200
ROLL BUMBU RACIK NASI GORENG                      ,7,REVERSE,PET-G,12,1130
ROLL BUMBU RACIK SAYUR LODEH                      ,7,REVERSE,PET-G,12,1130
68662154 ROLL BANGO MANIS 550ML BLOCKCHAIN        ,6,REVERSE,NYLON,15,1040
MS 100GR MOJOKERTO - 122002451                    ,7,REVERSE,PET,12,940
MS 9GR MOJOKERTO - 122002457                      ,7,REVERSE,OPP - G,18,1130
BAG ROLL ID 1KG P27 GAJAH (ND)                    ,8,REVERSE,NY-01,15,910
ROLL KRENCHISE SAUS SAMBAL CHILI 6LINE 1500M      ,6,REVERSE,PET,12,985
LMNT DETOL MY HW ORI 225G JM(3121345)             ,7,REVERSE,NY-01,15,860
"LMNT,VANISH,ID,LIQ 425ML(3162059)                 ",8,REVERSE,PET-G,12,1120
BAG MD3 MOTH GUARD FLORAL                         ,8,REVERSE,PET-G,12,840
BAG BERAS SPECIAL WHITE RICE 5KG NEW              ,7,REVERSE,NY-01,15,950
BAG BERAS MASAYU 5KG                              ,7,REVERSE,NY-01,15,950
68611077 ROLL ROYCO BK AYAM TELUR ASIN 22G        ,6,SURFACE,PET-G,12,1150
PLS POUCH KARA COCONUT OIL 1000ML                 ,7,REVERSE,NY-01,15,1140
FH COLD CUT 450G (160X300)                        ,8,REVERSE,NY-01,15,1235
"LMNT,DETTOL,ID,BW,INVG 410G(3168316)              ",6,REVERSE,NY-01,15,1030
POLYROLL PFDNS017                                 ,7,REVERSE,PET,12,1060
"LMNT,DETOL,TH,FHW,VANIL 200G(8351384)             ",8,REVERSE,NY-01,15,860
LMNT DETTOL ID BW SNS 250G JM (3094272)           ,8,REVERSE,NY-01,15,860
68134012 ROLL SARIWANGI TB4 POP SAGA PET (II) IMP,7,REVERSE,PET,12,1080
ROLL SUSU KAMBING BUBUK SKIM                      ,8,REVERSE,PET-G,12,930
107278 SACHET MAYO PEDAS 100 GR - 3 UP            ,8,REVERSE,PET-G,12,1110
TROPICAL SUN 80GR LIGHTLY SALTED                  ,8,REVERSE,PET-G,12,1070
ROLL SUSU KAMBING FULL CREAM                      ,8,REVERSE,PET-G,12,930
ETIKET WFP 75GR FKS FOOD                          ,4,REVERSE,PET-G,12,1050
ALF SUSU BUBUK KOMPLETA VANILLA 30GR-1178736      ,8,SURFACE,PET-G,12,925
NESTLE KK MAXX 42GR # 43896442                    ,5,REVERSE,NYLON,15,830
LID MINI JELLY D24 MELON PANDAAN ND               ,6,REVERSE,NY-01,15,650
BAG BERAS GURIH HIJAU 5KG                         ,7,REVERSE,NY-01,15,950
68134005 SACHET SARIMURNI RB6 SAGA NEW EXP JUL 22 ,6,REVERSE,PET-G,9,920
PURE BABY LIQUID CLEANSER POUCH 700ML NEWC        ,9,REVERSE,NYLON,15,1000
LID MINI JELLY LYCHEE D24 PANDAAN ND 4000245      ,6,REVERSE,NY-01,15,650
C05933 AL FOIL SAMBAL TERASI 20GR 4 UP            ,6,REVERSE,PET-G,12,1120
6029588 ROLL INNER NORI SAKU ORI                  ,8,REVERSE,PET,12,680
SPECTRA PREMIUM COLOR PAPER BAG 100S (20790884)   ,6,REVERSE,OPP - G,20,700
6031310 ROLL INNER NORI SAKU PEDAS                ,8,SURFACE,PET,12,680
GGWF-CO-K-018-RL-001(GETGIT COKLAT 18G)           ,7,REVERSE,PET-G,12,1020
BAG POUCH MADU TJ MURNI 500GR                     ,8,REVERSE,NY-01,15,880
ROLL NATUNA ORIGINAL 60GR ND                      ,6,REVERSE,PET,12,1070
PAID SAMPLE BAG SUSU KAMBING FULL CREAM           ,8,REVERSE,OPP MATTE,20,970
ROLL NATUNA BLACKPEPPER 60GR ND                   ,6,REVERSE,PET,12,1070
PAID SAMPLE BAG SUSU KAMBING BUBUK SKIM           ,8,REVERSE,OPP MATTE,20,970
AL.FOIL GINSENG CEREAL 35G (E-0)                  ,7,REVERSE,OPP MATTE,20,1170
KTG SP 280 BANANA PONTIANAK NEW                   ,8,REVERSE,NY-01,15,750
CHLT-RC-K-019-RL-003(CHLT RICHCHOCO)R3            ,6,REVERSE,PET,12,1070
CHLT-K-019-RL-003(CHOCOLITO ORI)R3                ,6,REVERSE,PET,12,1070
GOLDEN FARM CORN KERNEL 1KG ROLL QR CODE          ,6,REVERSE,OPP - G,20,950
GOLDEN FARM MIXED VEGETABLE 500G ROLL QR CODE     ,6,REVERSE,OPP - G,20,1170
GF FRENCH FRIES COATED 1KG RL QR CODE             ,6,REVERSE,OPP - G,20,940
MS 250GR MOJOKERTO NEW - 122002449                ,7,REVERSE,PET,12,1170
FOIL ADEM SARI VIT C R1 #3001188                  ,6,REVERSE,PET,12,990
"CPP 4100 LIGHT GREEN  50X25 370X0,030 2000M       ",2,SURFACE,CPP-G,30,770
67813699 WRAPPER WALLS SOLERO FRUIT MANGGA 65ML   ,5,SURFACE,OPP PEARLIZE,35,920
MS 130GR MOJOKERTO - 122002453                    ,7,REVERSE,PET,12,1020
MEGASTAR 75 SP 400GR                              ,7,REVERSE,PET-G,12,930
STANDING POUCH MC LEWIS CHILI PREMIUM 1 KG        ,7,REVERSE,PET-G,12,1110
RIVERLAND ARABIKI BEEF MINI (240GR)               ,7,REVERSE,NY-01,15,840
SAMBAL BAWANG KIWARI + SNI                        ,5,REVERSE,NY-01,15,930
AL.FOIL MAXTEA TARIKK 25G (E-3)                   ,7,REVERSE,OPP MATTE,20,1170
AL.FOIL IND WHITE 12G JUMBO ROLL (E-0)            ,6,REVERSE,PET-G,12,840
BAG BERAS ANAK RAJA COKELAT 5KG NEW               ,7,REVERSE,NY-01,15,1080
AL.FOIL IND COFFEE-O 18G (L-4)                    ,7,REVERSE,PET-G,12,1150
BAG CKE 5KG ROTI ORIENTAL NEW                     ,8,REVERSE,NY-01,15,1040
STP ALUFOIL TONER GREEN 1KG                       ,3,REVERSE,PET-G,12,800
90111003 POUCH ALFAMIDI KARBOL WANGI 800ML        ,8,REVERSE,NY-01,15,1040
ALF SUSU BUBUK KOMPLETA CHOCO 35GR-1180253        ,8,SURFACE,PET-G,12,925
STD POUCH YOA PEMBERSIH LANTAI APPLE & LEMON 800ML,7,REVERSE,NY-01,15,1040
68676268 ROLL ROYCO BEEF 9G 6LINE BVI AGRIWANGI   ,4,REVERSE,PET-G,9,985
KUSUKA 60GR RASA RUMPUT LAUT ND                   ,7,REVERSE,PET-G,12,1050
KUSUKA 60GR RASA KEJU BAKAR ND                    ,7,REVERSE,PET-G,12,1050
LID MINI JELLY ORANGE D24 BEKASI ND 4000155       ,5,REVERSE,NY-01,15,650
ROLL MADU TJ ORANGE (NEW)                         ,6,REVERSE,PET-G,12,990
MARIMAS JAMBU BIJI 7GR SINGLELINE                 ,8,REVERSE,PET-G,12,930
68662153 PREMADE BANGO MANIS 550ML BLOCKCHAIN     ,6,REVERSE,NY-01,15,910
KUSUKA 180GR RASA ORIGINAL ND                     ,7,REVERSE,PET,12,990
44135131 NESTLE  KK KRUNCH FIESTA 32G             ,5,REVERSE,NY-01,15,830
STP SEDAAP 2 LTR SAWIT(211010022)                 ,9,REVERSE,PET-G,12,1240
BAG BERAS SPECIAL WHITE RICE 3KG                  ,7,REVERSE,NY-01,15,840
POUCH INDOMART PENGHILANG NODA 450ML              ,8,REVERSE,PET,12,960
NESTLE MILO PEEL OFF 32GR POSITIVE #43993788      ,7,REVERSE,NY-01,15,830
67682948 ROLL KNORR 200G AWI SAC UNICODE          ,7,REVERSE,PET,9,990
LID CUP GOLCO 180ML                               ,5,REVERSE,PET,12,1120
44135204 MILO FIESTA 32 G                         ,7,REVERSE,NY-01,15,830
BAG BEAUTY ANTI STRESS 450GR                      ,6,REVERSE,OPP,20,1060
AL.FOIL CLOUD NINE LATTE 20G (E-1)                ,6,SURFACE,PET,12,1070
AL.FOIL CLOUD NINE CMIX 20G (E-1)                 ,5,REVERSE,PET,12,1050
COFFEE 7 DURIAN COFFEE                            ,8,SURFACE,PET-G,12,985
AL.FOIL IND CMIX JAHE 25G (L-0)                   ,8,REVERSE,OPP - G,20,1170
WOODS HONEY LEMON ROLL ISI 2 PCS                  ,8,SURFACE,PET-G,12,985
WOODS LEMON REV FR UMUM OUTER-CH0263              ,7,REVERSE,OPP,20,840
68376034 WALLS SANDWICH LINE FRIENDS 80ML-EXPORT  ,7,SURFACE,OPP PEARLIZE,35,980
AL.FOIL IND CMIX SB 3IN1 20G (MIT)                ,7,REVERSE,PET,12,1050
AL.FOIL INDOCREAMER 400GR (E)                     ,7,REVERSE,PET,12,1110
SEAGULL SG522 N150GR (BAG SG522)                  ,7,REVERSE,OPP,20,950
KUSUKA 20GR RASA AYAM MADU                        ,7,REVERSE,PET,12,930
KTG SP 360 LYCHEE U/ EXPORT                       ,8,REVERSE,NY-01,15,770
TWBO-SU-K-020-RL-004(TWB SUSU R4)                 ,5,REVERSE,PET-G,12,1070
STD POUCH OATSY 500 GR KOMBINASI                  ,8,SURFACE,PET-G,12,1080
C06716 ALFOIL SAM BAWANG PDS 8GR 12UP NONSPLIT    ,7,REVERSE,PET-G,9,960
6029805 ROLL OUTER P4 NORI ORI COVID-19           ,5,REVERSE,OPP - G,20,1170
"GIM SNACK 7,2 GR KOMBINASI                        ",8,REVERSE,PET-G,9,1120
68146938 ROLL BANGO 20ML BIMASENA CKR SBG         ,6,REVERSE,PET-G,12,990
TWBO-MN-K-020-RL-006(TWB MANIS R6)                ,7,REVERSE,PET,12,1070
TWBO-MB-K-020-RL-002(TWB MYSTERIOUS)              ,6,REVERSE,PET,12,1070
PF ASLI 9G ML12 (3600-5C) - 421001342             ,5,REVERSE,PET-G,12,930
AL.FOIL CLOUD NINE WHITE COFFEE 26G (E-1)         ,6,SURFACE,PET,12,1070
GGWF-KE-K-018-RL-001(GETGIT KEJU 18G)             ,7,REVERSE,PET,12,1020
BAG GINGER ORI CHEWS 4OZ 113G (FLAT BOTTOM)       ,8,REVERSE,OPP - G,20,990
3001018 POUCH KISPRAY SEGERIS 300ML R1            ,6,REVERSE,PET-G,12,1000
PM00012137 BAG WIP SOS ANTIBAC 10 EF10 GUSSET     ,7,REVERSE,OPP - G,20,985
3001019 POUCH KISPRAY VIOLET 300ML R1             ,6,REVERSE,PET-G,12,1000
3001017 POUCH  KISPRAY BLUIS 300ML R1             ,6,REVERSE,PET-G,12,1000
PM00012138 BAG WIP SOS ANTIBAC 50 EF20 ROLL       ,7,REVERSE,OPP - G,20,960
KUSUKA TALAS 68GR RASA SAPI PANGGANG              ,8,REVERSE,PET-G,12,880
STD POUCH HAND SANITIZER DETTOL 450ML             ,8,REVERSE,PET,12,1150
6033408 ROLL SAOS TOMAT 500GR ND                  ,7,REVERSE,NY-01,15,880
6033407 ROLL SAOS SAMBAL 500GR ND                 ,7,REVERSE,NY-01,15,880
6031773 BAG RTC TOPOKKI ORI 134GR ( 3 LAYER )     ,7,REVERSE,OPP - G,20,990
ETK HS EW 13GR PROD HSN NA18190905036             ,6,REVERSE,OPP - G,20,990
107289STD POUCH DELMONTE TOMAT 1 KG               ,7,REVERSE,NY-01,15,1120
I07184 SAUS SAMBAL SABANA 6UP 10GR ND QR          ,5,REVERSE,PET-G,12,990
CHOICE L BUBUK PEMBERSIH 650G                     ,4,REVERSE,OPP - G,20,1100
GGWF-LN-K-102-RL-001(GETGIT LEMON 102G)           ,7,REVERSE,PET-G,12,985
ROLL BANANA CHIP CHILI LIME 70G                   ,7,REVERSE,OPP MATTE,20,1050
107290 STD POUCH DELMONTE EXTRA HOT 1 KG*         ,7,REVERSE,NY-01,15,1120
68498873 RL TWISTER MERMAID 55ML EXPORT THAILAND  ,7,SURFACE,OPP PEARLIZE,35,1020
67571943 WRP PP TWISTER MARSHMALLOW 60ML EXPORT   ,6,SURFACE,OPP PEARLIZE,35,1020
68153478 WRP FEAST DOUBLE VANILLA 75ML NEW DESIGN ,5,SURFACE,OPP PEARLIZE,35,920
68270957 WALLS GOLD FEAST CHOCO 65ML              ,5,SURFACE,OPP PEARLIZE,35,920
LID MINI JELLY MANGO D24 BEKASI ND 4000148        ,6,REVERSE,NY-02,15,650
LID MINI JELLY MANGO D24 PANDAAN ND               ,6,REVERSE,NY-01,15,650
GOLDEN FARM SHOESTRING 1 KG ROLL QR CODE          ,6,REVERSE,OPP - G,20,950
GOLDEN FARM CRINKLE CUT 1 KG QR CODE              ,6,REVERSE,OPP - G,20,950
GOLDEN FARM STRAIGHT CUT 1 KG ROLL QR CODE        ,6,REVERSE,OPP - G,20,950
MISS JOVAN BRIGHTENING 250ML STD POUCH            ,4,REVERSE,NY-01,15,890
INNER KOPI TOP MURNI 158G(43000595)               ,8,SURFACE,PET-G,12,950
PAID SAMPLE STP DISWASH CUPIR 450 ML              ,7,REVERSE,NYLON,15,1130
MARIMAS KELAPA MUDA 7GR MLT MAY'23                ,8,REVERSE,PET-G,12,935
68715252 ROLL LIFEBUOY LEMON FRESH 400ML ARGO     ,8,REVERSE,NY-01,15,1100
68134007 STD POUCH SARIMURNI RB20 SAGA            ,6,REVERSE,PET-G,9,820
OUTER MATGIM NORI ISI 2 NEW                       ,6,REVERSE,OPP - G,20,1170
PM00012013 BAG WIP MYB 50 AB ROLL R1              ,7,REVERSE,OPP,20,900
BAG BERAS PUTRI LAUT 10KG                         ,6,REVERSE,NY-01,15,770
ALF DL INSTANT CEREAL 25G LONG STRING-1177292,8,REVERSE,PET-G,12,1050
REEL NUTRIBIRD UNIBIRD 50GR                       ,6,REVERSE,PET-G,12,1130
PLVC BND BAKSO SAPI GOLD                          ,8,REVERSE,NY-01,15,950
BAG GINGERBON LEMON CHEWS 227G FLAT BOTTOM        ,8,REVERSE,OPP - G,20,1170
LID MINI JELLY MELON D24 BEKASI ND 4000405        ,6,REVERSE,NY-01,15,650
44135114 HONEY STAR FIESTA 32 G                   ,6,REVERSE,NY-01,15,830
CHOCONUT 50ML IM 1 31 DES 2023 (NEW DESIGN)       ,6,REVERSE,OPP-G,20,960
ROLL SUSU KAMBING SHANGOAT ETAWA 20GR             ,6,REVERSE,OPP - G,20,1110
LID MINI JELLY STRAWBERRY D24 BEKASI ND 4000146   ,6,REVERSE,NY-02,15,650
2000319 KRIZZI CHEESE 55G                         ,8,REVERSE,PET-G,12,1070
2000320 KRIZZI BBQ 55G                            ,8,REVERSE,PET-G,12,1070
LID MINI JELLY GRAPE D24 PANDAAN ND               ,6,REVERSE,NY-01,15,650
LID MINI JELLY ORANGE D24 PANDAAN ND              ,5,REVERSE,NY-01,15,650
GGWF-LN-K-018-RL-001(GETGIT LEMON)                ,7,REVERSE,PET-G,12,1020
67571539 ROLL KNORR ROSTIP 1KG JAYA AWI UNICODE   ,7,REVERSE,PET,9,1170
67571536 ROLL KNORR CHIC PWD 1KG JAYA UNICODE     ,7,REVERSE,PET-G,9,1170
MARIMAS JAMBU BIJI 7GR MLT NO EXP                 ,8,REVERSE,PET-G,12,935
44135206 NESTLE KK KRUNCH MAXX FIESTA 42G         ,5,REVERSE,NY-01,15,830
KUSUKA TALAS 68GR RASA PEDAS DAUN JERUK NEW TEKS  ,8,REVERSE,PET-G,12,880
MAT GIM NORI PANGGANG 5 GR                        ,8,REVERSE,PET-G,12,1070
6031603 ROLL TPG KENTUCKY 70GR                    ,8,SURFACE,PET-G,12,1120
6031548 ROLL TPG BAKWAN 80GR                      ,8,SURFACE,PET-G,12,1120
SUPER ZUPER ASSORTED ROLL VIETNAM                 ,8,SURFACE,PET-G,12,990
HEXO-BM-K-005-SC-006(HEXOS BARLEY MINT)           ,5,REVERSE,OPP - G,25,850
68504803 ROLL CHAI LATTE CLASSIC 23G              ,7,REVERSE,PET-G,12,1050
STP SAMBAL DUA BELIBIS 1KG ND(PB-051801)          ,6,REVERSE,PET-G,12,1100
PB-051702 ROLL SAUS TOMAT DUA BELIBIS 9G REV QR   ,6,REVERSE,PET,12,990
PPLS069 - TULIP CHOCOLATIER DC 1KG ING            ,7,REVERSE,PET-G,12,890
15002673 BAG PREMIUM CHIKCEN SAUSAGE ORIGINAL 300G,8,REVERSE,NY-01,15,840
FH BEEF BURGER PIZZA                              ,5,REVERSE,NY-01,15,740
CHEERFUL DAY DETERGENT 1.8KG                      ,6,REVERSE,PET-G,12,780
ALF FC MM CEREAL VANILLA 25G-1178901              ,8,REVERSE,PET-G,12,1050
DAHLIA K31 FRESH FRUITY (BAG K31 FR)              ,8,REVERSE,PET-G,12,1050
BAG F605 OUTER FRESHGO EXOTIC FLOWER ND           ,8,REVERSE,PET-G,12,920
SEAGULL SG580                                     ,7,REVERSE,OPP,20,910
SACHET INNER TERASI OMAKU 4.5GR                   ,6,REVERSE,PET-G,12,1150
3001289 FOIL VEGETA HERBAL R1                     ,6,REVERSE,PET-G,12,1150
"LMNT,DETOL,GR,HW ALOE 500ML(3151240)SPOT          ",8,REVERSE,PET-G,12,1020
"LMNT,DETOL,MY,BW HONEY 500G ONZ(3122123)          ",8,REVERSE,NY-01,15,1030
P0004215 P.ROLL JUMBO CHA MILK CHOC 7GR 8LINE     ,8,REVERSE,PET-G,12,1050
P0004212 P.ROLL JUMBO CHA PEANUT 7GR 7LINE        ,8,REVERSE,PET-G,12,930
3001016 POUCH KISPRAY AMORIS 300ML R1             ,6,REVERSE,PET-G,12,1000
"6031785 ROLL WIJEN 1,5GR                          ",1,REVERSE,OPP-G,20,1080
6031550 ROLL TP BAKSO HALUS 32GR                  ,8,SURFACE,PET-G,12,1170
6031546 ROLL TPG TEMPE GORENG KRISPI 70GR         ,8,SURFACE,PET-G,12,1120
6031604 ROLL TP KENTUCKY 210GR                    ,8,SURFACE,PET-G,12,1020
"AL.FOIL DRIP COFFEE BALI,JAVA,MANDHELING 10G ASS.1",8,SURFACE,PET-G,12,1185
BAKERINE PLUS 500G # 678928085019                 ,4,REVERSE,PET,12,1020
ROLL BUMBU NASI UDUK MULTILINE ND                 ,8,REVERSE,PET-G,12,930
6029047 ROLL TEPUNG HOREKA                        ,2,REVERSE,OPP - G,20,900
CAFFINO KOPI LATTE CLASSIC 20GR DRY               ,8,SURFACE,PET-G,12,1120
STD POUCH DELMONTE BBQ 1 KG ND                    ,7,REVERSE,NY-01,15,1120
I07155 STD POUCH MAESTRO MUSTARD 1 KG             ,8,REVERSE,NY-01,15,1120
68715260 ROLL LIFEBUOY COOL FRESH 400ML ARGO      ,8,REVERSE,NY-01,15,1100
STP O-MAYO SAKURA SAUS MAYO 1KG                   ,6,REVERSE,NY-01,15,1160
I07295 POUCH DELMONTE SPAGHETTI 250 GR            ,7,REVERSE,PET-G,12,800
107292 POUCH DELMONTE TOMATO 200GR CILEUNGSI      ,7,REVERSE,PET-G,12,800
I07296 POUCH DELMONTE BBQ 250 GR                  ,7,REVERSE,PET-G,12,800
107293 POUCH DELMONTE EXTRA HOT 200GR ND          ,7,REVERSE,PET,12,800
POLYBAG SAUS TOMAT 9G NEW LOGO (421000858)        ,8,REVERSE,OPP - G,20,1110
POLYBAG EXTRA PEDAS 9G NEW LOGO (421000855)       ,7,REVERSE,OPP,20,1110
ROLL CUCU POP STRAWBERRY 9G                       ,5,REVERSE,OPP - G,20,900
68607535 REEL LIFEBUOY LEMON FRESH 250ML ARGO     ,8,REVERSE,PET-G,12,930
68607534 REEL LIFEBUOY COOL FRESH 250ML ARGO      ,8,REVERSE,PET-G,12,930
"AL.FOIL DRIP COFFEE FLORES,CIVET,ORGANIK 10G ASS.2",8,SURFACE,PET-G,12,1185
CAFFINO CAPPUCCINO TOPPING                        ,7,SURFACE,PET-G,12,925
ETK MDRS JERUK 8LINE 25G 750M(ND4)                ,6,REVERSE,OPP,20,1020
ROLL CUCU POP ORANGE 9G                           ,6,REVERSE,OPP - G,20,900
68607536 REEL LIFEBUOY MILD CARE 250ML ARGO       ,8,REVERSE,PET-G,12,930
68607537 REEL LIFEBUOY TOTAL 10 250ML ARGO        ,8,REVERSE,PET-G,12,930
44085355 NESCAFE FLOW WRAP SMALL                  ,2,REVERSE,OPP - G,20,950
1FE008010 FOIL EXTRA JOSS ACTIVE DELTAMAS ND      ,7,REVERSE,PET-G,12,760
68370640 ROLL WRP WALLS SERU MOCHI VANILA 45ML    ,5,SURFACE,OPP PEARLIZE,35,980
EDO CHOCO VOLCANO 300G NEW DESIGN                 ,7,REVERSE,OPP - G,20,870
EDO PANCAKE ORIGINAL 165G (NEW TEXT-2021)         ,7,REVERSE,OPP - G,20,810
STP WIZ GREEN 400ML(14010879)                     ,8,REVERSE,PET-G,12,840
PROSPER 85WP 1KG                                  ,8,REVERSE,PET-G,12,985
TRIBUNE 54.2/15 WP 400GR                          ,8,REVERSE,PET-G,12,925
C06691 POUCH SAMBAL ASLI 75GR                     ,7,REVERSE,PET-G,12,1090
107312 STD POUCH MAESTRO OYSTER 180GR             ,8,REVERSE,PET-G,12,800
BAG RELAXA PLAY FROZEN 40GR (NEW 2019)            ,8,REVERSE,PET-G,12,1170
ROLL INNER NORI RUMPUT LAUT BBQ                   ,8,REVERSE,PET-G,12,1070
6031539 ROLL INNER NORI JAGUNG BAKAR              ,8,REVERSE,PET-G,12,1070
68715251 RL LIFEBUOY TOTAL10 400ML ARGO           ,7,REVERSE,NY-01,15,1100
ROLL INNER NORI RUMPUT LAUT PEDAS                 ,7,REVERSE,PET-G,12,1070
ROLL INNER NORI ORI (6027867)                     ,7,REVERSE,PET-G,12,1070
ROLL INNER NORI SALTED EGG                        ,8,REVERSE,PET-G,12,1070
POLYROLL PFDNS015                                 ,7,REVERSE,PET-G,12,1060
IKUA002117 ROLL KUACI REBO ORIGINAL 6GR NEWSIZE   ,8,REVERSE,OPP - G,20,1050
ROLL TP ROTI WHITE 200 (6027887)                  ,8,REVERSE,OPP - G,20,1110
6029088 POUCH HOT LAVA 1KG                        ,7,REVERSE,NY-01,15,1120
6027580 STP PASTA ARABIATA 315GR REV              ,7,REVERSE,PET-G,12,1020
6029801 ROLL OUTER P2 NORI SPICY COVID-19         ,5,REVERSE,OPP - G,20,1170
6029800 ROLL OUTER P2 NORI BBQ COVID-19           ,5,REVERSE,OPP - G,20,1170
POUCH NESTLE KK MAXX 120G ZIPPER 43896145         ,6,REVERSE,PET,9,1030
67801072 WRAPPER WALLS SOLERO SEMANGKA 55ML       ,5,SURFACE,OPP PEARLIZE,35,920
KANGAROO-SALTED PISTA 250G STP ZIP(R1)            ,8,REVERSE,OPP MATTE,20,1040
AL.FOIL IND CAPPUCCINO 25G(E-2)                   ,7,REVERSE,OPP MATTE,20,1170
AL.FOIL INDOCAFE CMIX SB 20G (E-2)                ,7,REVERSE,PET-G,12,1050
BAG BERAS 2KG                                     ,1,REVERSE,NY-01,15,1010
15002428 BAG SOSIS AYAM SEDAP 500G REV DES        ,7,REVERSE,NY-01,15,1120
TWBO-KE-K-020-RL-006(TWB KEJU-R6)                 ,6,REVERSE,PET-G,12,1070
68648209 REEL ROYCO FDS BEEF 230G CHINGFONG AWI   ,4,REVERSE,PET-G,12,1165
CAFFINO CLASSIC 20GRX10 OUTER POUCH               ,8,REVERSE,PET-G,12,1120
TWBO-AS-K-020-RL-006(TWB ASIN 20G)R6              ,8,REVERSE,PET,12,1070
LMNT SAGTN DE FHW ROSE 250GR(3151231)             ,6,REVERSE,NY-01,15,860
ROLL BANANA CHIP SIMPLY SALTED 70G                ,7,REVERSE,OPP MATTE,20,1050
INNER TOP KOPI MURNI TORAJA 158G ND-43000702      ,8,REVERSE,PET-G,12,950
POLYROLL PFZPO040                                 ,8,REVERSE,PET-G,12,680
68134005 SACHET SARIMURNI RB6 SAGA NEW EXP AUG 22 ,6,REVERSE,PET-G,9,920
MARIMAS MANGGA ARUMANIS MLT AUG'23                ,8,REVERSE,PET-G,12,935
107245 STD POUCH THOUSAND ISLAND 180GR            ,8,REVERSE,PET-G,12,800
GOLDEN FARM CRINKLE CUT 500G ROLL QR CODE         ,6,REVERSE,OPP - G,20,1170
GOLDEN FARM SHOESTRING 500G ROLL QR CODE          ,6,REVERSE,OPP - G,20,1170
ROLL FACEMASK KOREAN HERBAL 7G REV DES            ,7,SURFACE,PET-G,12,930
ROLL FACEMASK ASIAN HERITAGE 7G REV DES           ,7,SURFACE,PET-G,12,930
GOLDEN FARM STRAIGHT CUT 500G RL QR CODE          ,6,REVERSE,OPP - G,20,1170
ETIKET WFP 50GR YAMAN                             ,5,REVERSE,PET-G,12,1165
POUCH BARCO 2L (NEW)                              ,6,REVERSE,PET-G,12,1240
SSP3047                                           ,5,REVERSE,NY-01,15,940
68558391 ROLL ROYCO FDS CHICKEN 230G PICO         ,4,REVERSE,PET-G,12,1170
KUSUKA 180GR RASA JAGUNG AMERIKA                  ,8,REVERSE,PET,12,990
AL.FOIL IND CAPPUCINO 25G (L-6)                   ,7,REVERSE,OPP MATTE,20,1165
LADAKU STP WHITE PEPPER NEW+ZIPPER                ,7,REVERSE,PET-G,12,930
"LID CUP METZ ""CHOYO""                              ",1,REVERSE,PET-G,12,960
STD POUCH MC LEWIS MAYO C001 1KG-BIRU ND          ,6,REVERSE,PET-G,12,1080
STD POUCH MCLEWIS MAYO C008 1KG KUNING ND         ,7,REVERSE,PET-G,12,1080
6033196 BAG STP BOLOGNESE 1KG                     ,1,REVERSE,NY-01,15,1110
MC LEWIS SAUS BBQ 1 KG                            ,6,REVERSE,PET-G,12,1100
SHAN GOAT GULA AREN 20GR                          ,6,REVERSE,OPP - G,20,1110
ROLL FACEMASK JAPANESE FLOWER 7G REV DES          ,7,REVERSE,PET-G,12,930
A004 MC LEWIS CHILI SAUCE 1KG ND                  ,7,REVERSE,NY-01,15,990
ROLL MADU TJ C1000 MULTILINE (NEW)                ,7,REVERSE,PET-G,12,990
CAT FOOD HEALTHY PET GOLD 7.5KG NEW TEKS          ,8,REVERSE,PET-G,12,990
FOIL SOFFELL K.JERUK SFPF12400 HALAL PET9         ,8,REVERSE,PET-G,9,990
BAG RENCENG TEH CAP BOTOL                         ,8,REVERSE,PET-G,12,840
BAG RENCENG TEH CELUP SOSRO                       ,8,REVERSE,PET-G,12,840
15002426 BAG SN SOSIS AYAM SEDAP 75G NEW DESIGN   ,7,REVERSE,NY-01,15,900
PM00012014 BAG WIP MYB 50 HM ROLL                 ,5,REVERSE,OPP - G,20,900
BAG BERAS ANAK RAJA LONG GRAIN 5KG (HIJAU)        ,7,REVERSE,NY-01,15,1080
ROLL CPP 4100 CHAINZ LIGHT GREEN 50MM X 25M       ,4,SURFACE,CPP-G,30,770
AL.FOIL INDOCAFE COFFEE-O 18G (E-3)               ,7,REVERSE,PET,12,1150
STP MINYAK MAHKOTA RATU 1000 ML                   ,6,REVERSE,NY-01,15,1110
STP MINYAK MAHKOTA RATU 2000 ML                   ,6,REVERSE,PET-G,12,1240
POP STAR PEANUT BUTTER 35G                        ,7,REVERSE,OPP - G,20,1050
44059627 NESTLE KK KRUNCH 32G NUTRISMARTA E       ,5,REVERSE,NY-01,15,830
6031547 ROLL TP BUMBU KRISPI PEDAS 70GR           ,7,REVERSE,PET-G,12,1120
ROLL MAXIGOAT COKELAT ASLI 20GR                   ,7,REVERSE,OPP - G,20,1110
LMNT DETTOL TH BW CLS 400G(3199504)               ,8,REVERSE,NY-01,15,1140
PLS INS3IN1 CFN MOCCA 20GR (PBK)                  ,7,REVERSE,PET-G,12,1120
PLS INS3IN1 CFN CLAS 20GR (PBK)                   ,8,REVERSE,PET-G,12,1120
FM OFF OVRTM LTN 6ML PH - SNOVA                   ,7,REVERSE,PET-G,12,930
68144563 WALLS PP DORAEMON APEL & RASPBERRY 60ML  ,6,SURFACE,OPP PEARLIZE,35,920
BAG BERAS KATA IBU 5KG                            ,7,REVERSE,NY-01,15,930
DJARUM SUPER 16 NEW USP - REV                     ,7,REVERSE,OPP,20,800
NASL-ST-K-130-RL-003(NANO SALSA STRO R3)          ,5,REVERSE,PET-G,12,1110
DJARUM SUPER 12 NEW USP - REV                     ,7,REVERSE,OPP,20,970
ETK MDRS ORI 3LINE 20G 1000M(ND2)                 ,6,REVERSE,OPP,20,1120
KTG SP 360 COCOPANDAN ND                          ,8,REVERSE,NY-01,15,770
SPK3047                                           ,5,REVERSE,NY-01,15,940
ETK MDRS JERUK 1 LINE 25G 1000M(ND4)              ,6,REVERSE,OPP,20,1030
PLS INS3IN1 CFN BOLD 30GR (PBK)                   ,8,REVERSE,PET-G,12,1120
KTG FOIL INDOSNACK POTATO CHIPS ORIGINAL 50GR     ,8,REVERSE,OPP MATTE,20,830
BAG GINGERBON ORIGINAL CHEWS 227G FLAT BOTTOM     ,8,REVERSE,OPP - G,20,1170
PLS INS3IN1 CFN CNUT 20GR (PBK)                   ,8,REVERSE,PET-G,12,1120
FOIL SENSA COOL VIETNAM R2 # 3001183              ,7,REVERSE,PET-G,12,990
TWBO-K-038-BW-RL-001(TWB 38 BROWN)                ,1,REVERSE,PET-G,12,1070
TWBO-K-038-GN-RL-001(TWB 38 GREEN)                ,1,REVERSE,PET-G,12,1070
HEXO-MT-K-020-SK-006(HEXO MINT20BTR SAK)          ,5,REVERSE,OPP - G,25,1020
LMNT DETOL MY BW ORI 450G JM(3122118)             ,7,REVERSE,NY-01,15,1030
LMNT DETOL GR LHW LAVD500ML(3151252)SPOT          ,8,REVERSE,PET-G,12,1020
KLOZ-SM-K-015-SC-004(KONLOZ-STRMINT-BAG)          ,6,REVERSE,OPP - G,25,840
BURGER BUN SESAME DIAMOND FAIR                    ,5,REVERSE,OPP - G,20,1070
ROLL SACHET SS CHICKEN CHILI 2UP                  ,5,REVERSE,PET-G,12,990
ROLL SACHET SS CHICKENT TOMAT 2UP                 ,5,REVERSE,PET-G,12,990
PIE BIS MONDE 190G QR CODE                        ,8,REVERSE,OPP MATTE,20,1050
GENJIE PIE SAND VANILLA 110GR (SNI) 2150 KKAL     ,7,REVERSE,OPP,20,900
GOLDEN FARM CORN KERNEL 500G RL QR CODE           ,6,REVERSE,OPP - G,20,1170
GF FRENCH FRIES COATED 500G RL QR CODE            ,6,REVERSE,OPP - G,20,1170
GOLDEN FARM MIXED VEGETABLES 1 KG ROLL QR CODE    ,6,REVERSE,OPP - G,20,950
68339564 ROLL LIFEBUOY MATCHA GREEN TEA 450ML NIPA,8,REVERSE,NY-01,15,1100
PLS GJH TA 7GR (PBK)                              ,8,REVERSE,PET-G,12,1235
ETK MDRS ORI 1 LINE 20G 1000M(ND2)                ,6,REVERSE,OPP,20,1030
PLS GJH TM 24GR (PBK)                             ,8,REVERSE,PET-G,12,1235
CAFFINO CHOCO HAZELNUT 20GRX10 OUTER POUCH        ,8,REVERSE,PET-G,12,1120
CAFFINO BOLD 30GR SACHET NEW TEKS                 ,8,SURFACE,PET-G,12,1120
CAFFINO BOLD 30GR OUTER POUCH NEW SIZE            ,8,REVERSE,PET-G,12,990
3000007077 ROLL AJTF                              ,6,REVERSE,OPP - G,18,970
SK-PL 780ML LAVEN@1000M'20-MIM(14011110)          ,6,REVERSE,NY-01,15,1200
1FM017020 FOIL BEJO HERBAL                        ,7,REVERSE,PET-G,12,750
LID CUP COCONA LYCHEE 160ML QR CODE               ,7,REVERSE,PET-G,12,780
ROLL CUCU CRISPY COKLAT 15G  NEW                  ,6,REVERSE,PET-G,12,930
BAG BERAS KATA IBU 10KG                           ,7,REVERSE,NY-01,15,770
KOK2341                                           ,5,REVERSE,NY-01,15,990
KOBH-K-007-SC-006(KONIDIN OBH 7ML R6)             ,6,REVERSE,PET-G,12,1110
EDO MANTAO COKLAT QR CODE (REV TEKS)              ,7,REVERSE,OPP-G,20,870
DAHLIA K21 IN ROLL                                ,8,REVERSE,OPP,20,900
LID 220 CHEERS NATURAL PANDAAN                    ,5,REVERSE,PET-G,12,750
107243 SACHET THOUSAND ISLAND 100GR 3UP ND        ,8,REVERSE,PET-G,12,1110
MC LEWIS SAUS BLACKPEPPER 1 KG                    ,7,REVERSE,PET,12,1100
NANO-KJ-K-005-RL-004 (NANO2 KULIT JERUK)          ,6,REVERSE,PET,12,1110
PPLS075 TULIP CHOCO WHITE COMP 1KG- QR CODE       ,7,REVERSE,PET,12,890
TOP FILM FARMHOUSE SOSIS SAPI 3 QR CODE           ,6,REVERSE,PET-G,12,840
BAG K205 DAHLIA MOTH BALL                         ,8,REVERSE,OPP,20,910
67820258 ICE CREAM SERU JAGUNG MANIS 98ML NEW     ,5,SURFACE,OPP PEARLIZE,35,980
ROLL SUSU KAMBING SAP 1C                          ,1,REVERSE,OPP - G,20,1110
ALF AFNUT CEREAL CHOCO 50GR-1185191               ,7,REVERSE,PET-G,12,925
ALF AFNUT CEREAL VANILLA 50GR-1185263             ,7,REVERSE,PET-G,12,925
KUSUKA 60GR RASA KEJU BAKAR NEW TEKS              ,7,REVERSE,PET-G,12,1050
KUSUKA 60GR RASA AYAM LADA HITAM ND,7,REVERSE,PET-G,12,1050
KUSUKA 180GR RASA AYAM LADA HITAM ND              ,7,REVERSE,PET-G,12,990
POLYROLL PFZPO034                                 ,8,REVERSE,PET-G,12,680
EDO MANTAO COKLAT (NEW TEXT-2018)                 ,7,REVERSE,OPP,20,870
ROLL SHANGOAT KURMA ASLI 20GR                     ,6,REVERSE,OPP - G,20,1110
ETIKET BUMIL LEMON LAMPUNG                        ,6,REVERSE,PET-G,12,925
ETIKET BALITA LAMPUNG                             ,6,REVERSE,PET-G,12,925
LID MINI JELLY POLOS (INACO) D24                  ,4,REVERSE,NY-02,15,650
C06768 STD POUCH SAMS ASLI 75GR                   ,7,REVERSE,PET-G,12,950
POUCH B001 TOMAT 1 KG                             ,6,REVERSE,PET-G,12,1100
STP FONTANA 400ML (R2)                            ,7,REVERSE,NY-01,15,820
CHOCODIP 50ML IM1 31 DES 2023 (NEW)               ,6,REVERSE,OPP - G,20,960
MARIMAS JERUK SINGLELINE VIT C                    ,8,REVERSE,PET-G,12,925
MARIMAS JERUK 7GR MLT NO.EXP                      ,8,REVERSE,PET-G,12,935
ROLL MC LEWIS A004 POLOS+EYEMARK 1KG              ,1,REVERSE,NY-01,15,990
PROSPER 85 WP 400GR                               ,8,REVERSE,PET-G,12,925
GGWF-GB-K-102-PR-RL-001(GGWF BBQ102PROMO)         ,6,REVERSE,PET-G,12,985
GGWF-GB-K-018-PR-RL-001(GETGIT BBQ 18 PROMO)      ,6,REVERSE,PET-G,12,1020
GGWF-GB-K-042-PR-RL-001(GETGIT BBQ 42 PROMO)      ,6,REVERSE,PET-G,12,985
POLYCELLO OVALTINE LOKAL 30GR (PM001270)          ,7,REVERSE,PET-G,12,1150
STDP CHEERFUL KARBOL CEMARA & JERUK NIPIS 800ML   ,7,REVERSE,NY-01,15,1060
MARIMAS ANGGUR 7GR MLT AUG'23                     ,8,REVERSE,PET-G,12,935
MARIMAS COCOPANDAN 7GR MLT AUG'23                 ,8,REVERSE,PET-G,12,935
MARIMAS KELAPA MUDA 7GR MLT AUG'23                ,8,REVERSE,PET-G,12,935
MARIMAS MANGGA 7GR SINGLELINE VIT C               ,8,REVERSE,PET-G,12,925
MARIMAS MANGGA 7GR MLT AUG'23 VIT C               ,8,REVERSE,PET-G,12,935
PB-066003 ROLL OUTERBAG SAMBAL DUA BELIBIS 9GR    ,7,REVERSE,OPP - G,20,1050
LMNT SAGTN DE LHW ALOE 500G (3151239)             ,8,REVERSE,PET-G,12,1020
"LMNT,DETOL,ID,LHW ORI 400G JM(3095141)            ",8,REVERSE,NY-01,15,1030
ROLL SWTR CLASSIC 1004MM T238-0018-007            ,6,REVERSE,PET,12,1045
KUSUKA 60GR RASA CHILI LEMON ND                   ,7,REVERSE,PET-G,12,1050
BAG SG533W NAPT BALL                              ,7,REVERSE,OPP,20,930
PB-051527 ROLL SACHET SAMBAL LAZATTO 9G           ,8,REVERSE,PET-G,12,985
ROLL SACHET DELMONTE TOMAT 8GR 12UP NEW           ,7,REVERSE,PET-G,12,985
HYDROMAMMA MIXED BERRY NEW DESIGN                 ,8,REVERSE,PET-G,12,990
HAPPY SOYA OIL 1L NEW DESIGN 2018                 ,8,SURFACE,PET,12,1120
KNGS-K-007-CA-SC-001(KONIMAG KAMBOJA)             ,5,REVERSE,PET,12,1110
PAID SAMPLE SAJIKU ROLL A1-PACKAGING              ,1,REVERSE,PET-G,12,925
ROLL SACHET LABBAIK SAMBAL CHILI 6UP NEW          ,6,REVERSE,PET-G,12,990
SACHET KUSUKA 400GR RASA ORIGINAL                 ,7,REVERSE,PET-G,12,1070
AL.FOIL IND CMIX GINSENG 20G (L/E-5)              ,7,REVERSE,OPP-G,20,1170
2000243 FOXS COFFEE CREME                         ,7,REVERSE,PET-G,12,930
2000244 FOXS CARAMEL CAPPUCINO                    ,7,REVERSE,PET,12,930
2000242 FOXS ORIGINAL COFFEE                      ,7,REVERSE,PET,12,930
BAGP ID VANISH CAMP 750ML(3193945)                ,8,REVERSE,PET-G,9,1120
2000245 FOXS COFFEE WORLD 90G                     ,8,REVERSE,OPP - G,20,930
2000145 FOX'S MINT BLOSSOM 125G                   ,7,REVERSE,OPP - G,20,930
BAG FANCY SEAWEED RIBOFLAVIN 450G                 ,8,REVERSE,OPP - G,20,1060
OATBITS VITAFRUITS 110GR NEW DESIGN               ,7,REVERSE,OPP - G,20,1060
LMNT VANISH ID LIQ 150ML(3193941)                 ,8,REVERSE,PET-G,9,925
"LMNT,VANISH,ID,LIQ 425ML(3193942)                 ",8,REVERSE,PET-G,9,1120
ETIKET GINS GINS BOOST SUPER STRENGTH             ,6,REVERSE,PET-G,12,930
ETIKET GINS GINS HARD DOUBLE STRENGTH             ,6,REVERSE,PET,12,930
LMNT DETTOL MY SKC 225ML (3204947)                ,8,REVERSE,NY-01,15,860
C06705 ALUFO FRUITY CHILI APEL MANGGA 16GR 8UP    ,7,REVERSE,PET-G,9,1120
WALLENS CHOCO SOES 100GR (BAG)                    ,6,REVERSE,PET-G,12,990
44107252 POUCH ZIPPER HONEYSTAR 70G               ,8,REVERSE,OPP,30,1120
68154737 ROLL ROYCO KALDU JAMUR 40G               ,8,SURFACE,PET-G,12,1170
44119394 HONEY STAR PEEL OFF 32GR NEW             ,6,REVERSE,NY-01,15,830
ROLL CHICAGO SAUS TOMAT 6LINE 1500M               ,5,REVERSE,PET-G,12,990
ROLL GULAKU TEBU 1KG                              ,6,REVERSE,OPP,20,810
"DESAKU KETUMBAR 12,5GR (DRY-DRY)                  ",7,REVERSE,PET-G,12,1045
I07257 STD POUCH MAYO 1 KG KURANG LEMAK           ,8,REVERSE,NY-01,15,1120
6027582 STP PASTA BOLOGNESE 315GR REV             ,7,REVERSE,PET-G,12,1020
6033198 STP DRESSING SOUCE KEJU 100GR             ,8,REVERSE,NY-01,15,770
POLYBAG MILO 22GR FREE TUMBLER                    ,7,REVERSE,OPP,20,1230
1FK044050 FOIL KOMIX OBH NEW                      ,8,REVERSE,PET-G,12,1130
1FK006070 FOIL KOMIX PEPPERMINT NEW               ,7,REVERSE,PET-G,12,1130
"PPLS086 TULIP DARK COMP CHOCOLATE 2,5KG NEW TKS   ",7,REVERSE,PET-G,12,1240
68427119 REEL LIFEBUOY YOGHURT 450ML NIPA         ,8,REVERSE,NY-01,15,1100
DAHLIA K315 NEW KEMENKES                          ,8,REVERSE,OPP,20,950
CAFFINO BOLD DARK CAPPUCCINO                      ,7,REVERSE,PET-G,12,1120
ETIKET BALITA JAWA TENGAH                         ,6,REVERSE,PET-G,12,925
ROLL SACHET DELMONTE EXTRA HOT 8GR 12UP NEW       ,7,REVERSE,PET-G,12,985
C06663 ALU FOIL SAMS 8GR 12UP                     ,7,REVERSE,PET-G,9,960
ROLL WALENS CHOCO SOES 100GR NEW SPEC             ,6,REVERSE,PET,12,990
SK-PL 780ML APPLE@1000M 20-MIM(14011109)          ,6,REVERSE,NY-01,15,1200
5 DAYS CROISSANT PEANUT BUTTER 60GR NEW           ,8,SURFACE,PET-G,12,840
3430003 FF N&N CHOCO ALMOND 30G NEWSPEC           ,7,REVERSE,OPP MATTE,20,1170
3430004 FF N&N MIXED BERRIES 30G NEWSPEC          ,8,REVERSE,OPP MATTE,20,1170
ROLL SACHET AMOTEE                                ,8,REVERSE,PET-G,12,990
SABANA SAUS TOMAT L/R                             ,5,REVERSE,PET,12,1150
PB-051526 ROLL SACHET SAMBAL D'BESTO 9G           ,7,REVERSE,PET-G,12,985
BLACK CURRANT TEA BAG ND(R3)                      ,8,REVERSE,OPP,20,1040
METALEZ LEMON TEA BAG(R4)                         ,6,REVERSE,OPP,20,1040
304648 P/P BB SOUR PINEAPPLE                      ,9,REVERSE,PET-G,12,1120
POUCH ZIPPER OISHI MOCHACCINO 110G                ,8,REVERSE,PET-G,12,1060
KUSUKA 20GR RASA JAGUNG AMERIKA                   ,7,REVERSE,PET-G,12,925
STP MAYONNAISE BANG AJI 1000G NEW SIZE            ,6,REVERSE,NY-01,15,1160
STP PCH HABIBAH DISH SOAP 780ML                   ,7,REVERSE,NY-01,15,985
GGWF-KE-K-018-JV-RL-001(GGWF KEJU JAVAINDO18G)    ,7,REVERSE,PET-G,12,1020
STP SEDAAP 1 LTR SAWIT(211010021)                 ,9,REVERSE,NY-01,15,1130
C06707 ALUFO FRUITY CHILI NANAS JERUK 16GR 8UP    ,7,REVERSE,PET-G,9,1120
STD POUCH SPAGHETTI 310GR                         ,7,REVERSE,PET-G,12,1020
SAMBAL EXTRA PEDAS (SBP) 550GR NEW                ,5,REVERSE,PET-G,12,930
67939068 POUCH ROYCO BUMBU KUNING 600G UNICODE    ,8,REVERSE,PET-G,12,1080
ETIKET BUMIL NANAS LAMPUNG                        ,6,REVERSE,PET-G,12,925
ETIKET BALITA JAKARTA                             ,3,REVERSE,PET-G,12,925
ETIKET BUMIL STRAWBERRY LAMPUNG                   ,6,REVERSE,PET-G,12,925
ETIKET BALITA JATIM                               ,6,REVERSE,PET-G,12,925
ETIKET BUMIL JAKARTA                              ,3,REVERSE,PET-G,12,925
ROLL PLASTIK GULAKU TEBU 1KG                      ,6,REVERSE,OPP,20,810
KTG SP 360 MANGO ND                               ,8,REVERSE,NY-01,15,770
68134005 SACHET SARIMURNI RB6 SAGA NEW EXP SEP 22 ,6,REVERSE,PET-G,9,920
KERNES CASSAVA CHIPS 150 GR ORIGINAL              ,8,SURFACE,PET,12,880
KERNES CASSAVA CHIPS 60 GR NACHO CHEESE           ,8,SURFACE,PET,12,880
KERNES CASSAVA CHIPS 150 GR NACHO CHEESE          ,8,SURFACE,PET,12,880
KERNES CASSAVA CHIPS 150GR BLACKPEPPER ND         ,8,SURFACE,PET,12,880
KUSUKA 180GR RASA RUMPUT LAUT IMPROVED FORMULA    ,7,REVERSE,PET,12,985
PLASTIK LAPIS LEGIT ORIGINAL MORISCA 365GR        ,7,REVERSE,NY-01,15,1030
MS 9GR MOJOKERTO - 122002653 (NEW SIZE)           ,7,REVERSE,OPP - G,18,1075
KUSUKA 60GR RASA RUMPUT LAUT IMPROVED FORMULA     ,7,REVERSE,PET,12,1045
MS 250GR KARAWANG - 122002526                     ,7,REVERSE,PET-G,12,1170
WOODS ORANGE REV FR UMUM OUTER-CH0264             ,7,REVERSE,OPP,20,840
POLYCELLO OVALTINE LOKAL 130G (PM001269)          ,7,REVERSE,PET-G,12,1020
ALF AFNUT CEREAL VANILLA 23GR-1185194             ,7,REVERSE,PET-G,12,1045
ALF AFNUT CEREAL CHOCO 22GR-1185198               ,7,REVERSE,PET-G,12,1045
CAFFINO CLASSIC 20GR E-RATUVIKA                   ,8,SURFACE,PET-G,12,1120
CAFFINO HAZELNUT STD POUCH E-RATUVIKA             ,8,SURFACE,PET-G,12,1150
BAG SG522W SEAGULL                                ,7,REVERSE,OPP,20,950
68761390 WRP PP CHOCO MAGMA RL3 50ML CHARMANDER   ,7,SURFACE,OPP PEARLIZE,30,970
68684513 POUCH BANGO KECAP RJVALU 1.525KG UNICODE ,8,REVERSE,PET-G,12,1080
CAFFINO HAZELNUT 20GR E-RATUVIKA                  ,8,REVERSE,PET-G,12,1120
CAFFINO MOCHA 20GR E-RATUVIKA                     ,7,SURFACE,PET-G,12,1120
POLYROLL PFZPO041                                 ,8,REVERSE,PET-G,12,680
LADAKU 3GR 15/09/24 DRY-DRY MLT                   ,7,REVERSE,PET-G,12,840
BAG SELAI MORIN 2KG                               ,1,REVERSE,NY-01,15,700
44059627 NESTLE KK KRUNCH 32G NUTRISMARTA W       ,5,REVERSE,NY-01,15,830
STD PCH SHILLOW PENCUCI PIRING 100ML              ,7,REVERSE,PET-G,12,770
ROLL SACHET TOP PROTEMIL DAGING 30GR              ,7,REVERSE,PET-G,12,930
68614763 RL RINSO PWD 460GR ROSE FRESH INV        ,7,REVERSE,PET-G,9,1230
BAG RELAXA PLAY FROZEN 40GR (NEW 2021) D-1        ,8,REVERSE,PET-G,12,1165
LMNT DETOL TH FHW ROSE 200G(3196539)              ,7,REVERSE,NY-01,15,860
BAG RELAXA PLAY FROZEN 40GR (NEW 2021) D-2        ,8,REVERSE,PET-G,12,1165
67939069 POUCH ROYCO BUMBU REMPAH 525G UNICODE    ,8,REVERSE,PET-G,12,1080
ROLL D'BESTO TOMATO SACHET 6 LINE NEW DESIGN      ,5,REVERSE,PET-G,12,990
KUSUKA 180GR RASA CHEESE BURGER                   ,7,REVERSE,PET-G,12,990
"LMNT,DETOL,MY,HW SNS 225G (3204948)               ",8,REVERSE,NY-01,15,860
SWTR CLASSIC 1020 84146-1300-603                  ,6,REVERSE,PET,12,1045
MA 9GR MOJOKERTO - 122002654 (NEW SIZE)           ,7,REVERSE,OPP - G,18,1075
LMNT DETOL MY HW ORI 225G (3204946)               ,6,REVERSE,NY-01,15,860
POLYBAG AYANA 5KG NEW DESIGN                      ,7,REVERSE,NY-01,15,950
44087701 NESCAFE FLOW WRAP MEDIUM                 ,2,REVERSE,OPP - G,20,850
6031576 ROLL BON NORI 5GR SPICY                   ,6,REVERSE,PET-G,12,990
ROLL TEPUNG CITRA PUTRI 250G NEW                  ,3,REVERSE,OPP - G,20,810
ROLL SUNLIGHT 2 IN 1 270G ND                      ,5,REVERSE,PET-G,12,925
44087421 MILO 3IN1 1KG                            ,7,REVERSE,PET-G,12,930
44087420 MILO TONIC 1KG                           ,7,REVERSE,PET-G,12,930
ROLL MC LEWIS TOMATO SACHET 6 LINE QR 1500M       ,5,REVERSE,PET-G,12,990
ALF HK MILK CEREAL 30GR                           ,6,REVERSE,PET-G,12,1045
5 DAYS CROISSANT CHOCOLATE 60GR NEW               ,8,REVERSE,PET-G,12,840
DUA DEWI GINGER HONEY 15ML (CAMBODIA) MLT         ,8,REVERSE,PET-G,12,1030
PM00010881 BAG MYB WIPES ANTI BACTERIAL 10S       ,7,REVERSE,OPP,20,1030
5 DAYS CROISSANT MIXED BERRIES 60GR NEW           ,8,SURFACE,PET-G,12,840
107206 STD POUCH DELMONTE TASTY CHILI 200GR       ,7,REVERSE,PET-G,12,800
CAFFINO BOLD 30GR E-CHINA POUCH                   ,8,SURFACE,PET-G,12,680
107282 STD POUCH MAYO KURANG LEMAK 180GR          ,8,REVERSE,PET-G,12,800
SAUS CABE MERAH PUTIH 500GR - BPOM +SNI - BBP105  ,5,REVERSE,NY-01,15,930
PPLS070-ROLL TULIP MILK COMPOUND 1KG - 3          ,7,REVERSE,PET-G,12,890
6031629 STP SAUS JAPCHAE 100GR SPICY              ,7,REVERSE,NYLON,15,770
6031632STP SAUS TOPOKKI 100GR SPICY               ,7,REVERSE,NY-01,15,770
GGWF-CO-K-018-JV-RL-001(GGWF CHOC JAVAINDO18G)    ,7,REVERSE,PET-G,12,1020
EDO MANTAO PLAIN (NEW MD 2021)                    ,7,REVERSE,OPP - G,20,900
STP ROBOTIC OIL 900ML                             ,3,REVERSE,NY-01,15,1080
GGWF-KE-K-042-JV-RL-001(GGWF KEJU JAVAINDO42G)    ,7,REVERSE,PET,12,985
STD PCH JELLY PELANGI RASA LECI 500G              ,6,REVERSE,NY-01,15,1010
ROLL MC LEWIS CHILI SACHET 6LINE 1500M            ,5,REVERSE,PET,12,990
AL.FOIL WESTIN CAFE MILD BLEND 150G (E-4)         ,7,REVERSE,PET,12,1110
6031576 ROLL BON NORI 5GR SPICY NEW REEL LENGTH   ,6,REVERSE,PET,12,985
6032214 ROLL BON NORI 5GR BULGOGI                 ,7,REVERSE,PET,12,985
WOODS HONEY LEMON ZIPLOCK - CH0293                ,8,REVERSE,PET,12,935
WOODS E.STRONG ORIGINAL ZIPLOCK-CH0294            ,8,REVERSE,PET,12,935
6031549 ROLL TPG BUMBU KRISPI SERBAGUNA 35GR      ,8,REVERSE,PET,12,1165
EDO PIZZA BASE 120G NEW DESIGN (2021)             ,7,REVERSE,OPP,20,810
PLS INS3IN1 CFN CNUT 20GR (PBK)**                 ,8,REVERSE,PET-G,12,1120
"LMNT,VANISH,ID PINK 250ML (3162058)               ",8,REVERSE,PET,12,880
"DESAKU BUBUK KUNYIT 7,5GR (DRY-DRY) 1/9/24        ",7,REVERSE,PET-G,12,1020
DJARUM MLD 16 JAZZ                                ,6,REVERSE,OPP,20,970
DJARUM MLD BLACK SERIES 12 JAZZ                   ,5,REVERSE,OPP,20,970
LMNT DETOL ID BW FRS 250G(3202510)                ,8,REVERSE,NY-01,15,840
3000006414 ROLL GF2 OPP18                         ,6,REVERSE,OPP - G,18,970
CAFFINO BOLD 30GR E-CHINA SACHET                  ,8,REVERSE,PET-G,12,1120
WOODS ORIGINAL SINGAPORE NEW - CH0287             ,7,REVERSE,OPP - G,20,840
GGWF-KE-K-102-JV-RL-001(GGWF KEJU JAVAINDO102G)   ,7,REVERSE,PET-G,12,985
CAFFINO HAZELNUT 20GR E-USA                       ,8,REVERSE,PET-G,12,1120
PLS INS3IN1 CFN CLAS 20GR (PBK)**                 ,8,REVERSE,PET-G,12,1120
AL FOIL ANTANGIN CAIR 8L CANGKIR(R6)              ,6,REVERSE,PET-G,12,990
CAFFINO CLASSIC 20GR E-USA                        ,8,REVERSE,PET-G,12,1120
CAT FOOD HEALTHY PET GOLD 1.5KG NEW MATTE         ,7,REVERSE,PET-G,12,1240
BAG ANTANGIN PERMEN MADU MINT HALAL               ,6,REVERSE,OPP - G,20,840
WOODS ORIGINAL REV FR UMUM OUTER-CH0261           ,7,REVERSE,OPP,20,840
6027772 ROLL KOPI GINSENG ND                      ,8,REVERSE,PET-G,12,930
LID CHOYO EASY PEEL 360 NEW                       ,6,REVERSE,PET-G,12,1110
AL.FOIL IND CMIX ESPRESSO 15GR (SSC-1)            ,7,REVERSE,PET-G,12,925
15002508 ROLL SOGOOD CHICKEN STICK PREMIUM 400G   ,8,REVERSE,NY-01,15,870
INNER ANTANGIN BARLEY MINT(NEW KODE POS)          ,6,REVERSE,PET-G,12,1080
INNER ANTANGIN MADU MINT(NEW KODE POS)            ,6,REVERSE,PET-G,12,1080
CO6679 GOURMET CHILI RAW MANGO 8GR 12UP NONSPLIT  ,8,REVERSE,PET-G,9,960
ETIKET BALITA SULSEL                              ,3,REVERSE,PET-G,12,925
MARIMAS MANGGA ARUMANIS 7GR SINGLELINE BARCODE    ,8,REVERSE,PET-G,12,930
MARIMAS ANGGUR 7GR SINGLELINE + VIT C             ,8,REVERSE,PET-G,12,930
STANDING POUCH JELLY PELANGI JUNIOR 500GR         ,6,REVERSE,NY-01,15,1010
KTG SP 360 VANILLA ND 4000024                     ,8,REVERSE,NY-01,15,770
LID MINI JELLY LYCHEE D24 BEKASI ND 4000145       ,6,REVERSE,NY-01,15,650
68668451 ROLL ROYCO RASA SAPI 1KG BVI AWI         ,8,REVERSE,OPP,25,1170
68682331 ROLL ROYCO RASA SAPI 460G BVI AWI        ,8,REVERSE,OPP - G,20,990
PM00012015 BAG WIP MYB 75 GC ROLL                 ,6,REVERSE,OPP-G,20,960
PM00012011 BAG WIP MYB 50 GC ROLL                 ,6,REVERSE,OPP-G,20,900
BJGR-K-015-SR-001(HD WEDANG BAJIGUR)              ,8,REVERSE,PET-G,12,985
BAG WALLENS CHOCO SOES 100 G (NEW)                ,6,REVERSE,PET-G,12,985
MONDE LEMON PUFF 100GR (REVISI TEKS)              ,6,REVERSE,OPP - G,20,1150
POLYBAG AYANA MERAH 5KG                           ,8,REVERSE,NY-01,15,950
6033475 ROLL SAUS RTC TOPOKI ORI 32GR MULTILINE   ,2,REVERSE,NY-01,15,900
ROLL D'BESTO CHILI SACHET 6LINE NEW DESIGN 1500M  ,5,REVERSE,PET-G,12,990
SACHET HARUM SARI EW 13G AM                       ,6,REVERSE,OPP - G,20,990
ROLL TB4 TRIAL SUSTAIN                            ,7,REVERSE,OPP - G,20,1075
BAG BERAS PUTRI KOKI ORANGE 5KG                   ,8,REVERSE,NY-01,15,950
GENJIE PIE SAND CHOCOLATE 110 GR (QR CODE)        ,7,REVERSE,OPP - G,20,900
HEXO-MT-K-005-SC-006(HEXOS MINT ISI 5)            ,5,REVERSE,OPP - G,25,850
KLOZ-SM-K-015-RL-001(KON-LOZ-STRMINT-RL)          ,2,REVERSE,PET-G,12,1110
ROLL SAUS SAMBAL ARABIAN KEBAB 1KG                ,7,REVERSE,NYLON,15,990
15002507 ROLL SOGOOD CHICKEN NUGGET PREMIUM 400G  ,8,REVERSE,NY-01,15,880
68682328 ROLL KNORR MUSHROOM 400G                 ,7,REVERSE,OPP - G,20,990
68682333 ROLL ROYCO KUAH BAKSO 100G BVI           ,8,REVERSE,OPP - G,20,1165
ETIKET BUMIL STRAWBERRY SULUT                     ,6,REVERSE,PET-G,12,925
ETIKET BALITA SULUT                               ,6,REVERSE,PET-G,12,925
CLOVER LOOTBAG OUTERPACK NEW 2020                 ,8,REVERSE,OPP - G,20,820
CHEEZY LOOTBAG OUTERPACK NEW 2020                 ,7,REVERSE,OPP - G,20,820
WOODS BLACKCURRANT ZIPLOCK - CH0295               ,8,REVERSE,PET-G,12,935
BAG GROWERS SWEET POTATO 450G                     ,7,REVERSE,OPP - G,20,720
ROLL DAHANA DAYADET 29MM                          ,5,REVERSE,PET,12,1150
JUST FRY SHOESTRING 900G ROLL QR CODE             ,4,REVERSE,OPP - G,20,950
SACHET KUSUKA 400GR RASA BARBEQUE NEW             ,7,REVERSE,PET-G,12,1070
KUSUKA 180GR RASA BARBEQUE NEW                    ,7,REVERSE,PET-G,12,985
68682332 ROLL ROYCO RASA AYAM 460G BVI AWI        ,8,REVERSE,OPP - G,20,990
SUJA-K-020-SR-001(HD SUSUJAHE)                    ,8,REVERSE,PET-G,12,985
ROLL ROYCO BEEF 230G TRIAL SUSTAIN 68411994       ,4,REVERSE,OPP - G,18,1170
KLOZ-HM-K-015-SC-004(KONLOZ HRBMINT-BAG)R4        ,7,REVERSE,OPP - G,25,840
6028797 ROLL SUSHI NORI 20GR                      ,8,REVERSE,PET-G,12,870
P0004214 P.ROLL JUMBO CHA MILK CHOC 7GR 7LINE     ,8,REVERSE,PET-G,12,930
STD PCH JELLY PELANGI RASA LECI 1000G             ,6,REVERSE,NY-01,15,1030
ROLL WALENS CHOCO SOES 100 G (NEW)                ,6,REVERSE,PET,12,985
ROLL SACHET DRAOS TOP TOMAT 6LINE                 ,5,REVERSE,PET-G,12,990
ROLL SACHET D'RAOS TOP CHILI 6LINE                ,5,REVERSE,PET-G,12,990
STP MC LEWIS SAUS SPAGHETTI 1 KG ND               ,7,REVERSE,PET-G,12,1100
DAHLIA K 313 TOILET BALL ND (BAG K313)            ,8,REVERSE,PET,12,1050
DAHLIA K31 AROMATIC GREEN (BAG K31 AR)            ,7,REVERSE,PET-G,12,1050
RML NS STR 11GR (0119-2318-010)                   ,6,REVERSE,PET-G,12,935
BAG RELAXA PLAY LITTLE PONY PINK 40GR             ,8,REVERSE,PET-G,12,1165
BAG RELAXA PLAY LITTLE PONY BLUE 40GR             ,8,REVERSE,PET-G,12,1165
CAFFINO BOLD 27GR 12 BAHASA ROLL                  ,8,REVERSE,PET-G,12,1120
CAFFINO CLASSIC 2 BAHASA STICKPACK                ,8,REVERSE,PET-G,12,1120
PF TBS ORIGINAL 75G (ML5-6000) KODE UNIK - 4210016,8,REVERSE,OPP - G,20,1180
PF TBW 90 (ML5-6000M) KODE UNIK - 421001623       ,8,REVERSE,OPP-G,20,1180
PF TBAK 75G (ML5-6000) KODE UNIK - 421001619      ,8,REVERSE,OPP - G,20,1180
BAG RELAXA PLAY TRANSFORMER ORANGE 40GR (OPTIMUS) ,8,REVERSE,PET-G,12,1165
BAG RELAXA PLAY TRANSFORMER GREEN 40GR (BUMBLEBEE),8,REVERSE,PET-G,12,1165
5 DAYS CROISSANT FAMILY PACK REV.                 ,8,REVERSE,PET-G,12,1195
PLS INS3IN1 CFN MOCCA 20GR (PBK)**                ,7,REVERSE,PET-G,12,1120
ROLL CUCU CISPY PANDAN 15G                        ,7,REVERSE,PET-G,12,930
BAG GUSSET MIPAO COKLAT ISI 30PCS                 ,8,REVERSE,PET-G,12,1195
PF TPG VANILLA 75G (ML5-6000M) KODE UNIK-421001621,8,REVERSE,OPP - G,20,1180
PCH10 GJH TM 24GR (R1)                            ,8,REVERSE,PET-G,12,1070
2031202121 CELLO TORABIKA MOKA 28GR ID            ,9,REVERSE,PET,12,1080
68339562 ROLL LIFEBUOY HONEY HABBATUSAUDA 450ML ND,9,REVERSE,NY-01,15,1100
POLYBAG SAUS TOMAT 9GR (3000-ND0217) (421000399)  ,8,REVERSE,OPP - G,20,1110
